,Date,State,Total Doses Administered
0,2021-01-16,India,48276
1,2021-01-17,India,58604
2,2021-01-18,India,99449
3,2021-01-19,India,195525
4,2021-01-20,India,251280
5,2021-01-21,India,365965
6,2021-01-22,India,549381
7,2021-01-23,India,759008
8,2021-01-24,India,835058
9,2021-01-25,India,1277104
10,2021-01-26,India,1293784
11,2021-01-27,India,1726490
12,2021-01-28,India,2295491
13,2021-01-29,India,2814803
14,2021-01-30,India,3067736
15,2021-01-31,India,3127107
16,2021-01-02,India,3350265
17,2021-02-02,India,3527971
18,2021-03-02,India,3825835
19,2021-04-02,India,4314304
20,2021-05-02,India,4765924
21,2021-06-02,India,5111827
22,2021-07-02,India,5168099
23,2021-08-02,India,5615499
24,2021-09-02,India,6002474
25,2021-10-02,India,6462270
26,2021-11-02,India,6958553
27,2021-12-02,India,7423817
28,2021-02-13,India,7708211
29,2021-02-14,India,7732278
30,2021-02-15,India,8253651
31,2021-02-16,India,8577226
32,2021-02-17,India,9023239
33,2021-02-18,India,9338267
34,2021-02-19,India,10241508
35,2021-02-20,India,10619113
36,2021-02-21,India,10651012
37,2021-02-22,India,11243679
38,2021-02-23,India,11597768
39,2021-02-24,India,12042958
40,2021-02-25,India,12819074
41,2021-02-26,India,13560932
42,2021-02-27,India,13560983
43,2021-02-28,India,13561208
44,2021-01-03,India,13561208
45,2021-02-03,India,14533954
46,2021-03-03,India,15383883
47,2021-04-03,India,16535703
48,2021-05-03,India,17871673
49,2021-06-03,India,19170828
50,2021-07-03,India,19288666
51,2021-08-03,India,21038500
52,2021-09-03,India,22357332
53,2021-10-03,India,23631687
54,2021-11-03,India,23963345
55,2021-12-03,India,25888160
56,2021-03-13,India,27345191
57,2021-03-14,India,27510644
58,2021-03-15,India,29901947
59,2021-03-16,India,31845467
60,2021-03-17,India,33784295
61,2021-03-18,India,35923500
62,2021-03-19,India,38190187
63,2021-03-20,India,40553202
64,2021-03-21,India,41295916
65,2021-03-22,India,43674739
66,2021-03-23,India,46266906
67,2021-03-24,India,48380510
68,2021-03-25,India,50550172
69,2021-03-26,India,52823677
70,2021-03-27,India,54876680
71,2021-03-28,India,55180875
72,2021-03-29,India,55726518
73,2021-03-30,India,57363862
74,2021-03-31,India,59176367
75,2021-01-04,India,61535994
76,2021-02-04,India,64779667
77,2021-03-04,India,67519463
78,2021-01-16,Andaman and Nicobar Islands,23
79,2021-01-17,Andaman and Nicobar Islands,23
80,2021-01-18,Andaman and Nicobar Islands,42
81,2021-01-19,Andaman and Nicobar Islands,89
82,2021-01-20,Andaman and Nicobar Islands,124
83,2021-01-21,Andaman and Nicobar Islands,239
84,2021-01-22,Andaman and Nicobar Islands,552
85,2021-01-23,Andaman and Nicobar Islands,920
86,2021-01-24,Andaman and Nicobar Islands,966
87,2021-01-25,Andaman and Nicobar Islands,1519
88,2021-01-26,Andaman and Nicobar Islands,1519
89,2021-01-27,Andaman and Nicobar Islands,1519
90,2021-01-28,Andaman and Nicobar Islands,1956
91,2021-01-29,Andaman and Nicobar Islands,2024
92,2021-01-30,Andaman and Nicobar Islands,2060
93,2021-01-31,Andaman and Nicobar Islands,2060
94,2021-01-02,Andaman and Nicobar Islands,2060
95,2021-02-02,Andaman and Nicobar Islands,2060
96,2021-03-02,Andaman and Nicobar Islands,2107
97,2021-04-02,Andaman and Nicobar Islands,2290
98,2021-05-02,Andaman and Nicobar Islands,2514
99,2021-06-02,Andaman and Nicobar Islands,2780
100,2021-07-02,Andaman and Nicobar Islands,2780
101,2021-08-02,Andaman and Nicobar Islands,2780
102,2021-09-02,Andaman and Nicobar Islands,2780
103,2021-10-02,Andaman and Nicobar Islands,2780
104,2021-11-02,Andaman and Nicobar Islands,2780
105,2021-12-02,Andaman and Nicobar Islands,2852
106,2021-02-13,Andaman and Nicobar Islands,3040
107,2021-02-14,Andaman and Nicobar Islands,3040
108,2021-02-15,Andaman and Nicobar Islands,3467
109,2021-02-16,Andaman and Nicobar Islands,3467
110,2021-02-17,Andaman and Nicobar Islands,3664
111,2021-02-18,Andaman and Nicobar Islands,3846
112,2021-02-19,Andaman and Nicobar Islands,4898
113,2021-02-20,Andaman and Nicobar Islands,5653
114,2021-02-21,Andaman and Nicobar Islands,5653
115,2021-02-22,Andaman and Nicobar Islands,6856
116,2021-02-23,Andaman and Nicobar Islands,7058
117,2021-02-24,Andaman and Nicobar Islands,7240
118,2021-02-25,Andaman and Nicobar Islands,7763
119,2021-02-26,Andaman and Nicobar Islands,7989
120,2021-02-27,Andaman and Nicobar Islands,7989
121,2021-02-28,Andaman and Nicobar Islands,7989
122,2021-01-03,Andaman and Nicobar Islands,7989
123,2021-02-03,Andaman and Nicobar Islands,8724
124,2021-03-03,Andaman and Nicobar Islands,8837
125,2021-04-03,Andaman and Nicobar Islands,9361
126,2021-05-03,Andaman and Nicobar Islands,9897
127,2021-06-03,Andaman and Nicobar Islands,10498
128,2021-07-03,Andaman and Nicobar Islands,11101
129,2021-08-03,Andaman and Nicobar Islands,12004
130,2021-09-03,Andaman and Nicobar Islands,12307
131,2021-10-03,Andaman and Nicobar Islands,12566
132,2021-11-03,Andaman and Nicobar Islands,13138
133,2021-12-03,Andaman and Nicobar Islands,13786
134,2021-03-13,Andaman and Nicobar Islands,14133
135,2021-03-14,Andaman and Nicobar Islands,14217
136,2021-03-15,Andaman and Nicobar Islands,14588
137,2021-03-16,Andaman and Nicobar Islands,14929
138,2021-03-17,Andaman and Nicobar Islands,15125
139,2021-03-18,Andaman and Nicobar Islands,15674
140,2021-03-19,Andaman and Nicobar Islands,16132
141,2021-03-20,Andaman and Nicobar Islands,16860
142,2021-03-21,Andaman and Nicobar Islands,16884
143,2021-03-22,Andaman and Nicobar Islands,17406
144,2021-03-23,Andaman and Nicobar Islands,18330
145,2021-03-24,Andaman and Nicobar Islands,18837
146,2021-03-25,Andaman and Nicobar Islands,19357
147,2021-03-26,Andaman and Nicobar Islands,19776
148,2021-03-27,Andaman and Nicobar Islands,20285
149,2021-03-28,Andaman and Nicobar Islands,20287
150,2021-03-29,Andaman and Nicobar Islands,20288
151,2021-03-30,Andaman and Nicobar Islands,20658
152,2021-03-31,Andaman and Nicobar Islands,20704
153,2021-01-04,Andaman and Nicobar Islands,21211
154,2021-02-04,Andaman and Nicobar Islands,21302
155,2021-03-04,Andaman and Nicobar Islands,21712
156,2021-01-16,Andhra Pradesh,4216
157,2021-01-17,Andhra Pradesh,9251
158,2021-01-18,Andhra Pradesh,12234
159,2021-01-19,Andhra Pradesh,25539
160,2021-01-20,Andhra Pradesh,35901
161,2021-01-21,Andhra Pradesh,45040
162,2021-01-22,Andhra Pradesh,55697
163,2021-01-23,Andhra Pradesh,70380
164,2021-01-24,Andhra Pradesh,74221
165,2021-01-25,Andhra Pradesh,89879
166,2021-01-26,Andhra Pradesh,90616
167,2021-01-27,Andhra Pradesh,107999
168,2021-01-28,Andhra Pradesh,117543
169,2021-01-29,Andhra Pradesh,124647
170,2021-01-30,Andhra Pradesh,133571
171,2021-01-31,Andhra Pradesh,133623
172,2021-01-02,Andhra Pradesh,133642
173,2021-02-02,Andhra Pradesh,133646
174,2021-03-02,Andhra Pradesh,161302
175,2021-04-02,Andhra Pradesh,188704
176,2021-05-02,Andhra Pradesh,218899
177,2021-06-02,Andhra Pradesh,245938
178,2021-07-02,Andhra Pradesh,249205
179,2021-08-02,Andhra Pradesh,263588
180,2021-09-02,Andhra Pradesh,275654
181,2021-10-02,Andhra Pradesh,286401
182,2021-11-02,Andhra Pradesh,294574
183,2021-12-02,Andhra Pradesh,303031
184,2021-02-13,Andhra Pradesh,319740
185,2021-02-14,Andhra Pradesh,319743
186,2021-02-15,Andhra Pradesh,345830
187,2021-02-16,Andhra Pradesh,370880
188,2021-02-17,Andhra Pradesh,402851
189,2021-02-18,Andhra Pradesh,414038
190,2021-02-19,Andhra Pradesh,476505
191,2021-02-20,Andhra Pradesh,501288
192,2021-02-21,Andhra Pradesh,509044
193,2021-02-22,Andhra Pradesh,534507
194,2021-02-23,Andhra Pradesh,559483
195,2021-02-24,Andhra Pradesh,596327
196,2021-02-25,Andhra Pradesh,639187
197,2021-02-26,Andhra Pradesh,673767
198,2021-02-27,Andhra Pradesh,673767
199,2021-02-28,Andhra Pradesh,673767
200,2021-01-03,Andhra Pradesh,673767
201,2021-02-03,Andhra Pradesh,702035
202,2021-03-03,Andhra Pradesh,724119
203,2021-04-03,Andhra Pradesh,749445
204,2021-05-03,Andhra Pradesh,785259
205,2021-06-03,Andhra Pradesh,836177
206,2021-07-03,Andhra Pradesh,836337
207,2021-08-03,Andhra Pradesh,886175
208,2021-09-03,Andhra Pradesh,935344
209,2021-10-03,Andhra Pradesh,979403
210,2021-11-03,Andhra Pradesh,988197
211,2021-12-03,Andhra Pradesh,1040791
212,2021-03-13,Andhra Pradesh,1085975
213,2021-03-14,Andhra Pradesh,1086785
214,2021-03-15,Andhra Pradesh,1164570
215,2021-03-16,Andhra Pradesh,1236681
216,2021-03-17,Andhra Pradesh,1311754
217,2021-03-18,Andhra Pradesh,1398528
218,2021-03-19,Andhra Pradesh,1488851
219,2021-03-20,Andhra Pradesh,1593730
220,2021-03-21,Andhra Pradesh,1601981
221,2021-03-22,Andhra Pradesh,1711059
222,2021-03-23,Andhra Pradesh,1841489
223,2021-03-24,Andhra Pradesh,1959874
224,2021-03-25,Andhra Pradesh,2104178
225,2021-03-26,Andhra Pradesh,2209563
226,2021-03-27,Andhra Pradesh,2335392
227,2021-03-28,Andhra Pradesh,2345109
228,2021-03-29,Andhra Pradesh,2407648
229,2021-03-30,Andhra Pradesh,2498855
230,2021-03-31,Andhra Pradesh,2598696
231,2021-01-04,Andhra Pradesh,2701376
232,2021-02-04,Andhra Pradesh,2763733
233,2021-03-04,Andhra Pradesh,2847620
234,2021-01-16,Arunachal Pradesh,81
235,2021-01-17,Arunachal Pradesh,178
236,2021-01-18,Arunachal Pradesh,560
237,2021-01-19,Arunachal Pradesh,574
238,2021-01-20,Arunachal Pradesh,601
239,2021-01-21,Arunachal Pradesh,1154
240,2021-01-22,Arunachal Pradesh,1818
241,2021-01-23,Arunachal Pradesh,2446
242,2021-01-24,Arunachal Pradesh,2529
243,2021-01-25,Arunachal Pradesh,3442
244,2021-01-26,Arunachal Pradesh,3462
245,2021-01-27,Arunachal Pradesh,3998
246,2021-01-28,Arunachal Pradesh,5470
247,2021-01-29,Arunachal Pradesh,6106
248,2021-01-30,Arunachal Pradesh,6491
249,2021-01-31,Arunachal Pradesh,6525
250,2021-01-02,Arunachal Pradesh,6668
251,2021-02-02,Arunachal Pradesh,6668
252,2021-03-02,Arunachal Pradesh,6758
253,2021-04-02,Arunachal Pradesh,7785
254,2021-05-02,Arunachal Pradesh,8745
255,2021-06-02,Arunachal Pradesh,9288
256,2021-07-02,Arunachal Pradesh,9292
257,2021-08-02,Arunachal Pradesh,10438
258,2021-09-02,Arunachal Pradesh,10465
259,2021-10-02,Arunachal Pradesh,10529
260,2021-11-02,Arunachal Pradesh,11372
261,2021-12-02,Arunachal Pradesh,12173
262,2021-02-13,Arunachal Pradesh,13707
263,2021-02-14,Arunachal Pradesh,13730
264,2021-02-15,Arunachal Pradesh,17018
265,2021-02-16,Arunachal Pradesh,17130
266,2021-02-17,Arunachal Pradesh,17136
267,2021-02-18,Arunachal Pradesh,20421
268,2021-02-19,Arunachal Pradesh,23982
269,2021-02-20,Arunachal Pradesh,24238
270,2021-02-21,Arunachal Pradesh,24238
271,2021-02-22,Arunachal Pradesh,26904
272,2021-02-23,Arunachal Pradesh,28444
273,2021-02-24,Arunachal Pradesh,28468
274,2021-02-25,Arunachal Pradesh,31209
275,2021-02-26,Arunachal Pradesh,32865
276,2021-02-27,Arunachal Pradesh,32865
277,2021-02-28,Arunachal Pradesh,32865
278,2021-01-03,Arunachal Pradesh,32865
279,2021-02-03,Arunachal Pradesh,37490
280,2021-03-03,Arunachal Pradesh,37937
281,2021-04-03,Arunachal Pradesh,41398
282,2021-05-03,Arunachal Pradesh,44881
283,2021-06-03,Arunachal Pradesh,46901
284,2021-07-03,Arunachal Pradesh,46960
285,2021-08-03,Arunachal Pradesh,49950
286,2021-09-03,Arunachal Pradesh,51887
287,2021-10-03,Arunachal Pradesh,52122
288,2021-11-03,Arunachal Pradesh,54923
289,2021-12-03,Arunachal Pradesh,57224
290,2021-03-13,Arunachal Pradesh,58665
291,2021-03-14,Arunachal Pradesh,58738
292,2021-03-15,Arunachal Pradesh,62155
293,2021-03-16,Arunachal Pradesh,64239
294,2021-03-17,Arunachal Pradesh,64402
295,2021-03-18,Arunachal Pradesh,67978
296,2021-03-19,Arunachal Pradesh,70612
297,2021-03-20,Arunachal Pradesh,72986
298,2021-03-21,Arunachal Pradesh,73178
299,2021-03-22,Arunachal Pradesh,76564
300,2021-03-23,Arunachal Pradesh,79163
301,2021-03-24,Arunachal Pradesh,79400
302,2021-03-25,Arunachal Pradesh,82866
303,2021-03-26,Arunachal Pradesh,85637
304,2021-03-27,Arunachal Pradesh,87821
305,2021-03-28,Arunachal Pradesh,87934
306,2021-03-29,Arunachal Pradesh,88375
307,2021-03-30,Arunachal Pradesh,90669
308,2021-03-31,Arunachal Pradesh,90975
309,2021-01-04,Arunachal Pradesh,97118
310,2021-02-04,Arunachal Pradesh,99301
311,2021-03-04,Arunachal Pradesh,103463
312,2021-01-16,Assam,401
313,2021-01-17,Assam,466
314,2021-01-18,Assam,722
315,2021-01-19,Assam,1254
316,2021-01-20,Assam,1254
317,2021-01-21,Assam,2163
318,2021-01-22,Assam,3947
319,2021-01-23,Assam,4061
320,2021-01-24,Assam,4416
321,2021-01-25,Assam,10886
322,2021-01-26,Assam,11021
323,2021-01-27,Assam,12407
324,2021-01-28,Assam,21430
325,2021-01-29,Assam,29322
326,2021-01-30,Assam,30573
327,2021-01-31,Assam,30688
328,2021-01-02,Assam,32329
329,2021-02-02,Assam,34848
330,2021-03-02,Assam,36100
331,2021-04-02,Assam,52645
332,2021-05-02,Assam,68628
333,2021-06-02,Assam,78498
334,2021-07-02,Assam,80284
335,2021-08-02,Assam,91026
336,2021-09-02,Assam,100295
337,2021-10-02,Assam,103044
338,2021-11-02,Assam,109906
339,2021-12-02,Assam,117506
340,2021-02-13,Assam,124056
341,2021-02-14,Assam,124177
342,2021-02-15,Assam,128424
343,2021-02-16,Assam,132946
344,2021-02-17,Assam,134325
345,2021-02-18,Assam,142950
346,2021-02-19,Assam,156552
347,2021-02-20,Assam,163919
348,2021-02-21,Assam,165621
349,2021-02-22,Assam,178910
350,2021-02-23,Assam,190166
351,2021-02-24,Assam,195245
352,2021-02-25,Assam,210946
353,2021-02-26,Assam,223134
354,2021-02-27,Assam,223134
355,2021-02-28,Assam,223134
356,2021-01-03,Assam,223134
357,2021-02-03,Assam,246658
358,2021-03-03,Assam,268169
359,2021-04-03,Assam,310530
360,2021-05-03,Assam,354473
361,2021-06-03,Assam,396169
362,2021-07-03,Assam,407866
363,2021-08-03,Assam,446529
364,2021-09-03,Assam,476878
365,2021-10-03,Assam,495720
366,2021-11-03,Assam,516030
367,2021-12-03,Assam,536529
368,2021-03-13,Assam,553725
369,2021-03-14,Assam,554880
370,2021-03-15,Assam,576260
371,2021-03-16,Assam,595386
372,2021-03-17,Assam,606914
373,2021-03-18,Assam,627630
374,2021-03-19,Assam,647134
375,2021-03-20,Assam,666037
376,2021-03-21,Assam,669585
377,2021-03-22,Assam,698643
378,2021-03-23,Assam,827737
379,2021-03-24,Assam,864607
380,2021-03-25,Assam,953367
381,2021-03-26,Assam,1008127
382,2021-03-27,Assam,1031867
383,2021-03-28,Assam,1032833
384,2021-03-29,Assam,1035903
385,2021-03-30,Assam,1068129
386,2021-03-31,Assam,1085158
387,2021-01-04,Assam,1115831
388,2021-02-04,Assam,1152229
389,2021-03-04,Assam,1188411
390,2021-01-16,Bihar,2967
391,2021-01-17,Bihar,3700
392,2021-01-18,Bihar,7883
393,2021-01-19,Bihar,15546
394,2021-01-20,Bihar,16183
395,2021-01-21,Bihar,25254
396,2021-01-22,Bihar,25773
397,2021-01-23,Bihar,38409
398,2021-01-24,Bihar,38787
399,2021-01-25,Bihar,51676
400,2021-01-26,Bihar,51808
401,2021-01-27,Bihar,53222
402,2021-01-28,Bihar,70412
403,2021-01-29,Bihar,73181
404,2021-01-30,Bihar,105751
405,2021-01-31,Bihar,108889
406,2021-01-02,Bihar,144845
407,2021-02-02,Bihar,181290
408,2021-03-02,Bihar,219359
409,2021-04-02,Bihar,263973
410,2021-05-02,Bihar,308439
411,2021-06-02,Bihar,330327
412,2021-07-02,Bihar,335765
413,2021-08-02,Bihar,353743
414,2021-09-02,Bihar,373801
415,2021-10-02,Bihar,388881
416,2021-11-02,Bihar,409263
417,2021-12-02,Bihar,430554
418,2021-02-13,Bihar,451761
419,2021-02-14,Bihar,452991
420,2021-02-15,Bihar,483813
421,2021-02-16,Bihar,485733
422,2021-02-17,Bihar,496507
423,2021-02-18,Bihar,529891
424,2021-02-19,Bihar,547003
425,2021-02-20,Bihar,557762
426,2021-02-21,Bihar,558309
427,2021-02-22,Bihar,579548
428,2021-02-23,Bihar,588882
429,2021-02-24,Bihar,597807
430,2021-02-25,Bihar,621233
431,2021-02-26,Bihar,637549
432,2021-02-27,Bihar,637549
433,2021-02-28,Bihar,637549
434,2021-01-03,Bihar,637549
435,2021-02-03,Bihar,658177
436,2021-03-03,Bihar,689592
437,2021-04-03,Bihar,733670
438,2021-05-03,Bihar,777943
439,2021-06-03,Bihar,828652
440,2021-07-03,Bihar,830495
441,2021-08-03,Bihar,996855
442,2021-09-03,Bihar,1081013
443,2021-10-03,Bihar,1147666
444,2021-11-03,Bihar,1153646
445,2021-12-03,Bihar,1275284
446,2021-03-13,Bihar,1365157
447,2021-03-14,Bihar,1370328
448,2021-03-15,Bihar,1452858
449,2021-03-16,Bihar,1528846
450,2021-03-17,Bihar,1593524
451,2021-03-18,Bihar,1670537
452,2021-03-19,Bihar,1737176
453,2021-03-20,Bihar,1820782
454,2021-03-21,Bihar,1845305
455,2021-03-22,Bihar,1911855
456,2021-03-23,Bihar,2038792
457,2021-03-24,Bihar,2146198
458,2021-03-25,Bihar,2272201
459,2021-03-26,Bihar,2384593
460,2021-03-27,Bihar,2498747
461,2021-03-28,Bihar,2527443
462,2021-03-29,Bihar,2530087
463,2021-03-30,Bihar,2574649
464,2021-03-31,Bihar,2677956
465,2021-01-04,Bihar,2797591
466,2021-02-04,Bihar,2992429
467,2021-03-04,Bihar,3119279
468,2021-01-16,Chandigarh,120
469,2021-01-17,Chandigarh,120
470,2021-01-18,Chandigarh,158
471,2021-01-19,Chandigarh,165
472,2021-01-20,Chandigarh,165
473,2021-01-21,Chandigarh,281
474,2021-01-22,Chandigarh,507
475,2021-01-23,Chandigarh,790
476,2021-01-24,Chandigarh,797
477,2021-01-25,Chandigarh,1172
478,2021-01-26,Chandigarh,1174
479,2021-01-27,Chandigarh,1519
480,2021-01-28,Chandigarh,1821
481,2021-01-29,Chandigarh,1874
482,2021-01-30,Chandigarh,2206
483,2021-01-31,Chandigarh,2217
484,2021-01-02,Chandigarh,2390
485,2021-02-02,Chandigarh,2492
486,2021-03-02,Chandigarh,2808
487,2021-04-02,Chandigarh,3150
488,2021-05-02,Chandigarh,3511
489,2021-06-02,Chandigarh,3858
490,2021-07-02,Chandigarh,3858
491,2021-08-02,Chandigarh,4189
492,2021-09-02,Chandigarh,4571
493,2021-10-02,Chandigarh,5004
494,2021-11-02,Chandigarh,5480
495,2021-12-02,Chandigarh,6056
496,2021-02-13,Chandigarh,6826
497,2021-02-14,Chandigarh,6829
498,2021-02-15,Chandigarh,7332
499,2021-02-16,Chandigarh,8018
500,2021-02-17,Chandigarh,8561
501,2021-02-18,Chandigarh,9187
502,2021-02-19,Chandigarh,10065
503,2021-02-20,Chandigarh,11125
504,2021-02-21,Chandigarh,11125
505,2021-02-22,Chandigarh,12291
506,2021-02-23,Chandigarh,13594
507,2021-02-24,Chandigarh,14889
508,2021-02-25,Chandigarh,16579
509,2021-02-26,Chandigarh,18567
510,2021-02-27,Chandigarh,18567
511,2021-02-28,Chandigarh,18567
512,2021-01-03,Chandigarh,18567
513,2021-02-03,Chandigarh,21667
514,2021-03-03,Chandigarh,23900
515,2021-04-03,Chandigarh,26149
516,2021-05-03,Chandigarh,28397
517,2021-06-03,Chandigarh,30679
518,2021-07-03,Chandigarh,30902
519,2021-08-03,Chandigarh,33476
520,2021-09-03,Chandigarh,35908
521,2021-10-03,Chandigarh,38454
522,2021-11-03,Chandigarh,39255
523,2021-12-03,Chandigarh,41631
524,2021-03-13,Chandigarh,44001
525,2021-03-14,Chandigarh,44182
526,2021-03-15,Chandigarh,46792
527,2021-03-16,Chandigarh,48981
528,2021-03-17,Chandigarh,50976
529,2021-03-18,Chandigarh,52887
530,2021-03-19,Chandigarh,54871
531,2021-03-20,Chandigarh,56667
532,2021-03-21,Chandigarh,56791
533,2021-03-22,Chandigarh,58616
534,2021-03-23,Chandigarh,60155
535,2021-03-24,Chandigarh,61648
536,2021-03-25,Chandigarh,63381
537,2021-03-26,Chandigarh,64964
538,2021-03-27,Chandigarh,66435
539,2021-03-28,Chandigarh,66509
540,2021-03-29,Chandigarh,66542
541,2021-03-30,Chandigarh,68050
542,2021-03-31,Chandigarh,69574
543,2021-01-04,Chandigarh,72436
544,2021-02-04,Chandigarh,75016
545,2021-03-04,Chandigarh,77861
546,2021-01-16,Chhattisgarh,1040
547,2021-01-17,Chhattisgarh,1040
548,2021-01-18,Chhattisgarh,1656
549,2021-01-19,Chhattisgarh,2014
550,2021-01-20,Chhattisgarh,3351
551,2021-01-21,Chhattisgarh,5752
552,2021-01-22,Chhattisgarh,5807
553,2021-01-23,Chhattisgarh,12185
554,2021-01-24,Chhattisgarh,12506
555,2021-01-25,Chhattisgarh,24018
556,2021-01-26,Chhattisgarh,24120
557,2021-01-27,Chhattisgarh,36363
558,2021-01-28,Chhattisgarh,46869
559,2021-01-29,Chhattisgarh,47318
560,2021-01-30,Chhattisgarh,57446
561,2021-01-31,Chhattisgarh,57455
562,2021-01-02,Chhattisgarh,61482
563,2021-02-02,Chhattisgarh,64509
564,2021-03-02,Chhattisgarh,86044
565,2021-04-02,Chhattisgarh,115725
566,2021-05-02,Chhattisgarh,135072
567,2021-06-02,Chhattisgarh,153515
568,2021-07-02,Chhattisgarh,153531
569,2021-08-02,Chhattisgarh,168873
570,2021-09-02,Chhattisgarh,182898
571,2021-10-02,Chhattisgarh,201792
572,2021-11-02,Chhattisgarh,218958
573,2021-12-02,Chhattisgarh,234012
574,2021-02-13,Chhattisgarh,249169
575,2021-02-14,Chhattisgarh,250235
576,2021-02-15,Chhattisgarh,277098
577,2021-02-16,Chhattisgarh,294241
578,2021-02-17,Chhattisgarh,312728
579,2021-02-18,Chhattisgarh,329628
580,2021-02-19,Chhattisgarh,348220
581,2021-02-20,Chhattisgarh,362135
582,2021-02-21,Chhattisgarh,363144
583,2021-02-22,Chhattisgarh,380439
584,2021-02-23,Chhattisgarh,389928
585,2021-02-24,Chhattisgarh,405172
586,2021-02-25,Chhattisgarh,420647
587,2021-02-26,Chhattisgarh,428473
588,2021-02-27,Chhattisgarh,428473
589,2021-02-28,Chhattisgarh,428473
590,2021-01-03,Chhattisgarh,428473
591,2021-02-03,Chhattisgarh,459117
592,2021-03-03,Chhattisgarh,488780
593,2021-04-03,Chhattisgarh,533925
594,2021-05-03,Chhattisgarh,578118
595,2021-06-03,Chhattisgarh,632575
596,2021-07-03,Chhattisgarh,634619
597,2021-08-03,Chhattisgarh,684432
598,2021-09-03,Chhattisgarh,726119
599,2021-10-03,Chhattisgarh,778764
600,2021-11-03,Chhattisgarh,783636
601,2021-12-03,Chhattisgarh,833280
602,2021-03-13,Chhattisgarh,892387
603,2021-03-14,Chhattisgarh,899871
604,2021-03-15,Chhattisgarh,979458
605,2021-03-16,Chhattisgarh,1044142
606,2021-03-17,Chhattisgarh,1126401
607,2021-03-18,Chhattisgarh,1205965
608,2021-03-19,Chhattisgarh,1270264
609,2021-03-20,Chhattisgarh,1350241
610,2021-03-21,Chhattisgarh,1357938
611,2021-03-22,Chhattisgarh,1413867
612,2021-03-23,Chhattisgarh,1459496
613,2021-03-24,Chhattisgarh,1503824
614,2021-03-25,Chhattisgarh,1562640
615,2021-03-26,Chhattisgarh,1625147
616,2021-03-27,Chhattisgarh,1736402
617,2021-03-28,Chhattisgarh,1770608
618,2021-03-29,Chhattisgarh,1771344
619,2021-03-30,Chhattisgarh,1825437
620,2021-03-31,Chhattisgarh,1937290
621,2021-01-04,Chhattisgarh,2083329
622,2021-02-04,Chhattisgarh,2371229
623,2021-03-04,Chhattisgarh,2593273
624,2021-01-16,Dadra and Nagar Haveli and Daman and Diu,23
625,2021-01-17,Dadra and Nagar Haveli and Daman and Diu,23
626,2021-01-18,Dadra and Nagar Haveli and Daman and Diu,15
627,2021-01-19,Dadra and Nagar Haveli and Daman and Diu,31
628,2021-01-20,Dadra and Nagar Haveli and Daman and Diu,31
629,2021-01-21,Dadra and Nagar Haveli and Daman and Diu,78
630,2021-01-22,Dadra and Nagar Haveli and Daman and Diu,113
631,2021-01-23,Dadra and Nagar Haveli and Daman and Diu,280
632,2021-01-24,Dadra and Nagar Haveli and Daman and Diu,312
633,2021-01-25,Dadra and Nagar Haveli and Daman and Diu,362
634,2021-01-26,Dadra and Nagar Haveli and Daman and Diu,362
635,2021-01-27,Dadra and Nagar Haveli and Daman and Diu,404
636,2021-01-28,Dadra and Nagar Haveli and Daman and Diu,559
637,2021-01-29,Dadra and Nagar Haveli and Daman and Diu,706
638,2021-01-30,Dadra and Nagar Haveli and Daman and Diu,852
639,2021-01-31,Dadra and Nagar Haveli and Daman and Diu,856
640,2021-01-02,Dadra and Nagar Haveli and Daman and Diu,1038
641,2021-02-02,Dadra and Nagar Haveli and Daman and Diu,1181
642,2021-03-02,Dadra and Nagar Haveli and Daman and Diu,1421
643,2021-04-02,Dadra and Nagar Haveli and Daman and Diu,1681
644,2021-05-02,Dadra and Nagar Haveli and Daman and Diu,1931
645,2021-06-02,Dadra and Nagar Haveli and Daman and Diu,2255
646,2021-07-02,Dadra and Nagar Haveli and Daman and Diu,2255
647,2021-08-02,Dadra and Nagar Haveli and Daman and Diu,2329
648,2021-09-02,Dadra and Nagar Haveli and Daman and Diu,2567
649,2021-10-02,Dadra and Nagar Haveli and Daman and Diu,3309
650,2021-11-02,Dadra and Nagar Haveli and Daman and Diu,3672
651,2021-12-02,Dadra and Nagar Haveli and Daman and Diu,3931
652,2021-02-13,Dadra and Nagar Haveli and Daman and Diu,4131
653,2021-02-14,Dadra and Nagar Haveli and Daman and Diu,4131
654,2021-02-15,Dadra and Nagar Haveli and Daman and Diu,4425
655,2021-02-16,Dadra and Nagar Haveli and Daman and Diu,4754
656,2021-02-17,Dadra and Nagar Haveli and Daman and Diu,5483
657,2021-02-18,Dadra and Nagar Haveli and Daman and Diu,5776
658,2021-02-19,Dadra and Nagar Haveli and Daman and Diu,6504
659,2021-02-20,Dadra and Nagar Haveli and Daman and Diu,6841
660,2021-02-21,Dadra and Nagar Haveli and Daman and Diu,6841
661,2021-02-22,Dadra and Nagar Haveli and Daman and Diu,7003
662,2021-02-23,Dadra and Nagar Haveli and Daman and Diu,7061
663,2021-02-24,Dadra and Nagar Haveli and Daman and Diu,7135
664,2021-02-25,Dadra and Nagar Haveli and Daman and Diu,7675
665,2021-02-26,Dadra and Nagar Haveli and Daman and Diu,7978
666,2021-02-27,Dadra and Nagar Haveli and Daman and Diu,7978
667,2021-02-28,Dadra and Nagar Haveli and Daman and Diu,7978
668,2021-01-03,Dadra and Nagar Haveli and Daman and Diu,7978
669,2021-02-03,Dadra and Nagar Haveli and Daman and Diu,9433
670,2021-03-03,Dadra and Nagar Haveli and Daman and Diu,7675
671,2021-04-03,Dadra and Nagar Haveli and Daman and Diu,7978
672,2021-05-03,Dadra and Nagar Haveli and Daman and Diu,7978
673,2021-06-03,Dadra and Nagar Haveli and Daman and Diu,13130
674,2021-07-03,Dadra and Nagar Haveli and Daman and Diu,13138
675,2021-08-03,Dadra and Nagar Haveli and Daman and Diu,13858
676,2021-09-03,Dadra and Nagar Haveli and Daman and Diu,14536
677,2021-10-03,Dadra and Nagar Haveli and Daman and Diu,15555
678,2021-11-03,Dadra and Nagar Haveli and Daman and Diu,15555
679,2021-12-03,Dadra and Nagar Haveli and Daman and Diu,16741
680,2021-03-13,Dadra and Nagar Haveli and Daman and Diu,17574
681,2021-03-14,Dadra and Nagar Haveli and Daman and Diu,17574
682,2021-03-15,Dadra and Nagar Haveli and Daman and Diu,18565
683,2021-03-16,Dadra and Nagar Haveli and Daman and Diu,19457
684,2021-03-17,Dadra and Nagar Haveli and Daman and Diu,20309
685,2021-03-18,Dadra and Nagar Haveli and Daman and Diu,22848
686,2021-03-19,Dadra and Nagar Haveli and Daman and Diu,20183
687,2021-03-20,Dadra and Nagar Haveli and Daman and Diu,22933
688,2021-03-21,Dadra and Nagar Haveli and Daman and Diu,22991
689,2021-03-22,Dadra and Nagar Haveli and Daman and Diu,23825
690,2021-03-23,Dadra and Nagar Haveli and Daman and Diu,24639
691,2021-03-24,Dadra and Nagar Haveli and Daman and Diu,25286
692,2021-03-25,Dadra and Nagar Haveli and Daman and Diu,25823
693,2021-03-26,Dadra and Nagar Haveli and Daman and Diu,26763
694,2021-03-27,Dadra and Nagar Haveli and Daman and Diu,27355
695,2021-03-28,Dadra and Nagar Haveli and Daman and Diu,27355
696,2021-03-29,Dadra and Nagar Haveli and Daman and Diu,27360
697,2021-03-30,Dadra and Nagar Haveli and Daman and Diu,28217
698,2021-03-31,Dadra and Nagar Haveli and Daman and Diu,29024
699,2021-01-04,Dadra and Nagar Haveli and Daman and Diu,0
700,2021-02-04,Dadra and Nagar Haveli and Daman and Diu,0
701,2021-03-04,Dadra and Nagar Haveli and Daman and Diu,0
702,2021-01-16,Delhi,892
703,2021-01-17,Delhi,1005
704,2021-01-18,Delhi,1366
705,2021-01-19,Delhi,3041
706,2021-01-20,Delhi,3041
707,2021-01-21,Delhi,5308
708,2021-01-22,Delhi,5331
709,2021-01-23,Delhi,12312
710,2021-01-24,Delhi,12614
711,2021-01-25,Delhi,20373
712,2021-01-26,Delhi,20427
713,2021-01-27,Delhi,27603
714,2021-01-28,Delhi,35881
715,2021-01-29,Delhi,35937
716,2021-01-30,Delhi,44758
717,2021-01-31,Delhi,44840
718,2021-01-02,Delhi,52760
719,2021-02-02,Delhi,62086
720,2021-03-02,Delhi,69462
721,2021-04-02,Delhi,78948
722,2021-05-02,Delhi,88045
723,2021-06-02,Delhi,97492
724,2021-07-02,Delhi,97495
725,2021-08-02,Delhi,107116
726,2021-09-02,Delhi,119917
727,2021-10-02,Delhi,134600
728,2021-11-02,Delhi,150348
729,2021-12-02,Delhi,164976
730,2021-02-13,Delhi,180141
731,2021-02-14,Delhi,180143
732,2021-02-15,Delhi,197031
733,2021-02-16,Delhi,214273
734,2021-02-17,Delhi,231544
735,2021-02-18,Delhi,252843
736,2021-02-19,Delhi,283629
737,2021-02-20,Delhi,309410
738,2021-02-21,Delhi,309419
739,2021-02-22,Delhi,336544
740,2021-02-23,Delhi,356662
741,2021-02-24,Delhi,375038
742,2021-02-25,Delhi,393471
743,2021-02-26,Delhi,406431
744,2021-02-27,Delhi,406431
745,2021-02-28,Delhi,406431
746,2021-01-03,Delhi,406431
747,2021-02-03,Delhi,428377
748,2021-03-03,Delhi,443842
749,2021-04-03,Delhi,460312
750,2021-05-03,Delhi,475589
751,2021-06-03,Delhi,495154
752,2021-07-03,Delhi,495243
753,2021-08-03,Delhi,516188
754,2021-09-03,Delhi,537507
755,2021-10-03,Delhi,556318
756,2021-11-03,Delhi,574313
757,2021-12-03,Delhi,594255
758,2021-03-13,Delhi,619039
759,2021-03-14,Delhi,619101
760,2021-03-15,Delhi,644989
761,2021-03-16,Delhi,670653
762,2021-03-17,Delhi,689853
763,2021-03-18,Delhi,718409
764,2021-03-19,Delhi,738615
765,2021-03-20,Delhi,770679
766,2021-03-21,Delhi,771827
767,2021-03-22,Delhi,801472
768,2021-03-23,Delhi,833147
769,2021-03-24,Delhi,850986
770,2021-03-25,Delhi,879844
771,2021-03-26,Delhi,895000
772,2021-03-27,Delhi,922005
773,2021-03-28,Delhi,922289
774,2021-03-29,Delhi,922336
775,2021-03-30,Delhi,950205
776,2021-03-31,Delhi,969135
777,2021-01-04,Delhi,1005829
778,2021-02-04,Delhi,1045243
779,2021-03-04,Delhi,1082182
780,2021-01-16,Goa,50
781,2021-01-17,Goa,50
782,2021-01-18,Goa,47
783,2021-01-19,Goa,72
784,2021-01-20,Goa,72
785,2021-01-21,Goa,72
786,2021-01-22,Goa,300
787,2021-01-23,Goa,971
788,2021-01-24,Goa,1033
789,2021-01-25,Goa,1285
790,2021-01-26,Goa,1290
791,2021-01-27,Goa,1844
792,2021-01-28,Goa,2394
793,2021-01-29,Goa,2752
794,2021-01-30,Goa,3464
795,2021-01-31,Goa,3466
796,2021-01-02,Goa,3860
797,2021-02-02,Goa,4720
798,2021-03-02,Goa,5582
799,2021-04-02,Goa,6532
800,2021-05-02,Goa,7195
801,2021-06-02,Goa,7460
802,2021-07-02,Goa,7462
803,2021-08-02,Goa,7800
804,2021-09-02,Goa,8607
805,2021-10-02,Goa,9656
806,2021-11-02,Goa,11086
807,2021-12-02,Goa,12743
808,2021-02-13,Goa,13586
809,2021-02-14,Goa,13586
810,2021-02-15,Goa,14279
811,2021-02-16,Goa,14463
812,2021-02-17,Goa,15040
813,2021-02-18,Goa,14303
814,2021-02-19,Goa,16002
815,2021-02-20,Goa,17395
816,2021-02-21,Goa,17395
817,2021-02-22,Goa,18143
818,2021-02-23,Goa,18419
819,2021-02-24,Goa,19851
820,2021-02-25,Goa,21121
821,2021-02-26,Goa,22620
822,2021-02-27,Goa,22620
823,2021-02-28,Goa,22620
824,2021-01-03,Goa,22620
825,2021-02-03,Goa,27005
826,2021-03-03,Goa,31430
827,2021-04-03,Goa,36170
828,2021-05-03,Goa,40430
829,2021-06-03,Goa,43800
830,2021-07-03,Goa,43808
831,2021-08-03,Goa,47499
832,2021-09-03,Goa,51111
833,2021-10-03,Goa,54628
834,2021-11-03,Goa,57890
835,2021-12-03,Goa,63695
836,2021-03-13,Goa,67503
837,2021-03-14,Goa,67515
838,2021-03-15,Goa,73050
839,2021-03-16,Goa,78490
840,2021-03-17,Goa,81714
841,2021-03-18,Goa,84209
842,2021-03-19,Goa,87454
843,2021-03-20,Goa,90583
844,2021-03-21,Goa,90667
845,2021-03-22,Goa,93850
846,2021-03-23,Goa,97074
847,2021-03-24,Goa,100269
848,2021-03-25,Goa,103215
849,2021-03-26,Goa,106373
850,2021-03-27,Goa,108855
851,2021-03-28,Goa,108854
852,2021-03-29,Goa,109662
853,2021-03-30,Goa,113617
854,2021-03-31,Goa,116777
855,2021-01-04,Goa,120226
856,2021-02-04,Goa,123548
857,2021-03-04,Goa,126638
858,2021-01-16,Gujarat,1146
859,2021-01-17,Gujarat,2313
860,2021-01-18,Gujarat,2182
861,2021-01-19,Gujarat,4842
862,2021-01-20,Gujarat,4877
863,2021-01-21,Gujarat,8350
864,2021-01-22,Gujarat,13183
865,2021-01-23,Gujarat,44873
866,2021-01-24,Gujarat,46456
867,2021-01-25,Gujarat,62496
868,2021-01-26,Gujarat,62729
869,2021-01-27,Gujarat,68817
870,2021-01-28,Gujarat,132621
871,2021-01-29,Gujarat,187038
872,2021-01-30,Gujarat,211551
873,2021-01-31,Gujarat,251207
874,2021-01-02,Gujarat,284170
875,2021-02-02,Gujarat,306639
876,2021-03-02,Gujarat,326450
877,2021-04-02,Gujarat,360502
878,2021-05-02,Gujarat,404841
879,2021-06-02,Gujarat,448811
880,2021-07-02,Gujarat,468838
881,2021-08-02,Gujarat,537364
882,2021-09-02,Gujarat,617709
883,2021-10-02,Gujarat,683599
884,2021-11-02,Gujarat,726174
885,2021-12-02,Gujarat,749435
886,2021-02-13,Gujarat,759801
887,2021-02-14,Gujarat,761555
888,2021-02-15,Gujarat,783293
889,2021-02-16,Gujarat,799296
890,2021-02-17,Gujarat,806425
891,2021-02-18,Gujarat,799523
892,2021-02-19,Gujarat,843816
893,2021-02-20,Gujarat,869257
894,2021-02-21,Gujarat,870310
895,2021-02-22,Gujarat,884999
896,2021-02-23,Gujarat,892463
897,2021-02-24,Gujarat,896424
898,2021-02-25,Gujarat,943860
899,2021-02-26,Gujarat,989315
900,2021-02-27,Gujarat,989319
901,2021-02-28,Gujarat,989369
902,2021-01-03,Gujarat,989369
903,2021-02-03,Gujarat,1153267
904,2021-03-03,Gujarat,1234893
905,2021-04-03,Gujarat,1397814
906,2021-05-03,Gujarat,1580465
907,2021-06-03,Gujarat,1745473
908,2021-07-03,Gujarat,1749600
909,2021-08-03,Gujarat,1919226
910,2021-09-03,Gujarat,2087982
911,2021-10-03,Gujarat,2141045
912,2021-11-03,Gujarat,2151363
913,2021-12-03,Gujarat,2335234
914,2021-03-13,Gujarat,2468717
915,2021-03-14,Gujarat,2479714
916,2021-03-15,Gujarat,2634461
917,2021-03-16,Gujarat,2787740
918,2021-03-17,Gujarat,2834970
919,2021-03-18,Gujarat,3022869
920,2021-03-19,Gujarat,3207358
921,2021-03-20,Gujarat,3438103
922,2021-03-21,Gujarat,3644873
923,2021-03-22,Gujarat,3816630
924,2021-03-23,Gujarat,4081309
925,2021-03-24,Gujarat,4259053
926,2021-03-25,Gujarat,4491890
927,2021-03-26,Gujarat,4730253
928,2021-03-27,Gujarat,4978350
929,2021-03-28,Gujarat,5065120
930,2021-03-29,Gujarat,5082440
931,2021-03-30,Gujarat,5287746
932,2021-03-31,Gujarat,5495997
933,2021-01-04,Gujarat,5790907
934,2021-02-04,Gujarat,6270235
935,2021-03-04,Gujarat,6644757
936,2021-01-16,Haryana,1864
937,2021-01-17,Haryana,2069
938,2021-01-18,Haryana,5360
939,2021-01-19,Haryana,11728
940,2021-01-20,Haryana,12354
941,2021-01-21,Haryana,21411
942,2021-01-22,Haryana,33730
943,2021-01-23,Haryana,43350
944,2021-01-24,Haryana,44934
945,2021-01-25,Haryana,72277
946,2021-01-26,Haryana,72583
947,2021-01-27,Haryana,80541
948,2021-01-28,Haryana,87153
949,2021-01-29,Haryana,92685
950,2021-01-30,Haryana,95143
951,2021-01-31,Haryana,95245
952,2021-01-02,Haryana,96304
953,2021-02-02,Haryana,97213
954,2021-03-02,Haryana,99192
955,2021-04-02,Haryana,103334
956,2021-05-02,Haryana,107280
957,2021-06-02,Haryana,108966
958,2021-07-02,Haryana,110591
959,2021-08-02,Haryana,140415
960,2021-09-02,Haryana,157055
961,2021-10-02,Haryana,164151
962,2021-11-02,Haryana,171926
963,2021-12-02,Haryana,176310
964,2021-02-13,Haryana,178657
965,2021-02-14,Haryana,178664
966,2021-02-15,Haryana,188482
967,2021-02-16,Haryana,190197
968,2021-02-17,Haryana,195563
969,2021-02-18,Haryana,206032
970,2021-02-19,Haryana,218170
971,2021-02-20,Haryana,223857
972,2021-02-21,Haryana,224225
973,2021-02-22,Haryana,244791
974,2021-02-23,Haryana,257756
975,2021-02-24,Haryana,260336
976,2021-02-25,Haryana,275940
977,2021-02-26,Haryana,280173
978,2021-02-27,Haryana,280175
979,2021-02-28,Haryana,280181
980,2021-01-03,Haryana,280181
981,2021-02-03,Haryana,290716
982,2021-03-03,Haryana,295902
983,2021-04-03,Haryana,311564
984,2021-05-03,Haryana,327198
985,2021-06-03,Haryana,336481
986,2021-07-03,Haryana,337525
987,2021-08-03,Haryana,365090
988,2021-09-03,Haryana,395220
989,2021-10-03,Haryana,407945
990,2021-11-03,Haryana,417100
991,2021-12-03,Haryana,454799
992,2021-03-13,Haryana,471310
993,2021-03-14,Haryana,475325
994,2021-03-15,Haryana,596586
995,2021-03-16,Haryana,676870
996,2021-03-17,Haryana,697284
997,2021-03-18,Haryana,767014
998,2021-03-19,Haryana,826978
999,2021-03-20,Haryana,850544
1000,2021-03-21,Haryana,856523
1001,2021-03-22,Haryana,1002647
1002,2021-03-23,Haryana,1089125
1003,2021-03-24,Haryana,1108229
1004,2021-03-25,Haryana,1161106
1005,2021-03-26,Haryana,1210962
1006,2021-03-27,Haryana,1232813
1007,2021-03-28,Haryana,1236089
1008,2021-03-29,Haryana,1236650
1009,2021-03-30,Haryana,1353261
1010,2021-03-31,Haryana,1442186
1011,2021-01-04,Haryana,1520585
1012,2021-02-04,Haryana,1615844
1013,2021-03-04,Haryana,1662873
1014,2021-01-16,Himachal Pradesh,202
1015,2021-01-17,Himachal Pradesh,202
1016,2021-01-18,Himachal Pradesh,352
1017,2021-01-19,Himachal Pradesh,448
1018,2021-01-20,Himachal Pradesh,448
1019,2021-01-21,Himachal Pradesh,610
1020,2021-01-22,Himachal Pradesh,1427
1021,2021-01-23,Himachal Pradesh,5396
1022,2021-01-24,Himachal Pradesh,5594
1023,2021-01-25,Himachal Pradesh,6104
1024,2021-01-26,Himachal Pradesh,6188
1025,2021-01-27,Himachal Pradesh,8859
1026,2021-01-28,Himachal Pradesh,13883
1027,2021-01-29,Himachal Pradesh,17978
1028,2021-01-30,Himachal Pradesh,22787
1029,2021-01-31,Himachal Pradesh,22798
1030,2021-01-02,Himachal Pradesh,28464
1031,2021-02-02,Himachal Pradesh,34218
1032,2021-03-02,Himachal Pradesh,38734
1033,2021-04-02,Himachal Pradesh,43053
1034,2021-05-02,Himachal Pradesh,46401
1035,2021-06-02,Himachal Pradesh,49335
1036,2021-07-02,Himachal Pradesh,49338
1037,2021-08-02,Himachal Pradesh,52715
1038,2021-09-02,Himachal Pradesh,56021
1039,2021-10-02,Himachal Pradesh,60848
1040,2021-11-02,Himachal Pradesh,66825
1041,2021-12-02,Himachal Pradesh,73945
1042,2021-02-13,Himachal Pradesh,77192
1043,2021-02-14,Himachal Pradesh,77192
1044,2021-02-15,Himachal Pradesh,80952
1045,2021-02-16,Himachal Pradesh,84718
1046,2021-02-17,Himachal Pradesh,90616
1047,2021-02-18,Himachal Pradesh,88620
1048,2021-02-19,Himachal Pradesh,100648
1049,2021-02-20,Himachal Pradesh,106400
1050,2021-02-21,Himachal Pradesh,106629
1051,2021-02-22,Himachal Pradesh,108120
1052,2021-02-23,Himachal Pradesh,109590
1053,2021-02-24,Himachal Pradesh,110920
1054,2021-02-25,Himachal Pradesh,116818
1055,2021-02-26,Himachal Pradesh,121420
1056,2021-02-27,Himachal Pradesh,121420
1057,2021-02-28,Himachal Pradesh,121420
1058,2021-01-03,Himachal Pradesh,121420
1059,2021-02-03,Himachal Pradesh,132714
1060,2021-03-03,Himachal Pradesh,139479
1061,2021-04-03,Himachal Pradesh,148541
1062,2021-05-03,Himachal Pradesh,158469
1063,2021-06-03,Himachal Pradesh,165915
1064,2021-07-03,Himachal Pradesh,168003
1065,2021-08-03,Himachal Pradesh,176202
1066,2021-09-03,Himachal Pradesh,192987
1067,2021-10-03,Himachal Pradesh,202759
1068,2021-11-03,Himachal Pradesh,203440
1069,2021-12-03,Himachal Pradesh,222632
1070,2021-03-13,Himachal Pradesh,229552
1071,2021-03-14,Himachal Pradesh,230874
1072,2021-03-15,Himachal Pradesh,242909
1073,2021-03-16,Himachal Pradesh,273021
1074,2021-03-17,Himachal Pradesh,282288
1075,2021-03-18,Himachal Pradesh,305579
1076,2021-03-19,Himachal Pradesh,322657
1077,2021-03-20,Himachal Pradesh,332409
1078,2021-03-21,Himachal Pradesh,333857
1079,2021-03-22,Himachal Pradesh,341495
1080,2021-03-23,Himachal Pradesh,360146
1081,2021-03-24,Himachal Pradesh,370585
1082,2021-03-25,Himachal Pradesh,401524
1083,2021-03-26,Himachal Pradesh,418960
1084,2021-03-27,Himachal Pradesh,435568
1085,2021-03-28,Himachal Pradesh,436378
1086,2021-03-29,Himachal Pradesh,437154
1087,2021-03-30,Himachal Pradesh,460347
1088,2021-03-31,Himachal Pradesh,468239
1089,2021-01-04,Himachal Pradesh,500708
1090,2021-02-04,Himachal Pradesh,516180
1091,2021-03-04,Himachal Pradesh,529374
1092,2021-01-16,Jammu and Kashmir,377
1093,2021-01-17,Jammu and Kashmir,421
1094,2021-01-18,Jammu and Kashmir,672
1095,2021-01-19,Jammu and Kashmir,1369
1096,2021-01-20,Jammu and Kashmir,1369
1097,2021-01-21,Jammu and Kashmir,2296
1098,2021-01-22,Jammu and Kashmir,3807
1099,2021-01-23,Jammu and Kashmir,5593
1100,2021-01-24,Jammu and Kashmir,5893
1101,2021-01-25,Jammu and Kashmir,10498
1102,2021-01-26,Jammu and Kashmir,10626
1103,2021-01-27,Jammu and Kashmir,11562
1104,2021-01-28,Jammu and Kashmir,17280
1105,2021-01-29,Jammu and Kashmir,21124
1106,2021-01-30,Jammu and Kashmir,21261
1107,2021-01-31,Jammu and Kashmir,21268
1108,2021-01-02,Jammu and Kashmir,21322
1109,2021-02-02,Jammu and Kashmir,21352
1110,2021-03-02,Jammu and Kashmir,21478
1111,2021-04-02,Jammu and Kashmir,27796
1112,2021-05-02,Jammu and Kashmir,33899
1113,2021-06-02,Jammu and Kashmir,40909
1114,2021-07-02,Jammu and Kashmir,41543
1115,2021-08-02,Jammu and Kashmir,51872
1116,2021-09-02,Jammu and Kashmir,63529
1117,2021-10-02,Jammu and Kashmir,65779
1118,2021-11-02,Jammu and Kashmir,83295
1119,2021-12-02,Jammu and Kashmir,100823
1120,2021-02-13,Jammu and Kashmir,118399
1121,2021-02-14,Jammu and Kashmir,119015
1122,2021-02-15,Jammu and Kashmir,136032
1123,2021-02-16,Jammu and Kashmir,150271
1124,2021-02-17,Jammu and Kashmir,151145
1125,2021-02-18,Jammu and Kashmir,166429
1126,2021-02-19,Jammu and Kashmir,181492
1127,2021-02-20,Jammu and Kashmir,192355
1128,2021-02-21,Jammu and Kashmir,192581
1129,2021-02-22,Jammu and Kashmir,204193
1130,2021-02-23,Jammu and Kashmir,212075
1131,2021-02-24,Jammu and Kashmir,212702
1132,2021-02-25,Jammu and Kashmir,226087
1133,2021-02-26,Jammu and Kashmir,238073
1134,2021-02-27,Jammu and Kashmir,238073
1135,2021-02-28,Jammu and Kashmir,238075
1136,2021-01-03,Jammu and Kashmir,238075
1137,2021-02-03,Jammu and Kashmir,258723
1138,2021-03-03,Jammu and Kashmir,260977
1139,2021-04-03,Jammu and Kashmir,277184
1140,2021-05-03,Jammu and Kashmir,294559
1141,2021-06-03,Jammu and Kashmir,313949
1142,2021-07-03,Jammu and Kashmir,314237
1143,2021-08-03,Jammu and Kashmir,339975
1144,2021-09-03,Jammu and Kashmir,369289
1145,2021-10-03,Jammu and Kashmir,371101
1146,2021-11-03,Jammu and Kashmir,372733
1147,2021-12-03,Jammu and Kashmir,376652
1148,2021-03-13,Jammu and Kashmir,418880
1149,2021-03-14,Jammu and Kashmir,419779
1150,2021-03-15,Jammu and Kashmir,461015
1151,2021-03-16,Jammu and Kashmir,500833
1152,2021-03-17,Jammu and Kashmir,503250
1153,2021-03-18,Jammu and Kashmir,543694
1154,2021-03-19,Jammu and Kashmir,565278
1155,2021-03-20,Jammu and Kashmir,580982
1156,2021-03-21,Jammu and Kashmir,582819
1157,2021-03-22,Jammu and Kashmir,612546
1158,2021-03-23,Jammu and Kashmir,640591
1159,2021-03-24,Jammu and Kashmir,642804
1160,2021-03-25,Jammu and Kashmir,677341
1161,2021-03-26,Jammu and Kashmir,704150
1162,2021-03-27,Jammu and Kashmir,728983
1163,2021-03-28,Jammu and Kashmir,729986
1164,2021-03-29,Jammu and Kashmir,754513
1165,2021-03-30,Jammu and Kashmir,781228
1166,2021-03-31,Jammu and Kashmir,782934
1167,2021-01-04,Jammu and Kashmir,814350
1168,2021-02-04,Jammu and Kashmir,853809
1169,2021-03-04,Jammu and Kashmir,885755
1170,2021-01-16,Jharkhand,344
1171,2021-01-17,Jharkhand,344
1172,2021-01-18,Jharkhand,749
1173,2021-01-19,Jharkhand,1455
1174,2021-01-20,Jharkhand,2258
1175,2021-01-21,Jharkhand,2258
1176,2021-01-22,Jharkhand,4023
1177,2021-01-23,Jharkhand,4117
1178,2021-01-24,Jharkhand,4573
1179,2021-01-25,Jharkhand,8636
1180,2021-01-26,Jharkhand,8708
1181,2021-01-27,Jharkhand,15269
1182,2021-01-28,Jharkhand,15617
1183,2021-01-29,Jharkhand,23685
1184,2021-01-30,Jharkhand,31477
1185,2021-01-31,Jharkhand,31672
1186,2021-01-02,Jharkhand,39147
1187,2021-02-02,Jharkhand,46900
1188,2021-03-02,Jharkhand,58991
1189,2021-04-02,Jharkhand,66209
1190,2021-05-02,Jharkhand,77034
1191,2021-06-02,Jharkhand,86786
1192,2021-07-02,Jharkhand,96697
1193,2021-08-02,Jharkhand,113951
1194,2021-09-02,Jharkhand,133247
1195,2021-10-02,Jharkhand,152985
1196,2021-11-02,Jharkhand,167957
1197,2021-12-02,Jharkhand,181722
1198,2021-02-13,Jharkhand,197934
1199,2021-02-14,Jharkhand,205424
1200,2021-02-15,Jharkhand,219873
1201,2021-02-16,Jharkhand,228558
1202,2021-02-17,Jharkhand,241010
1203,2021-02-18,Jharkhand,249047
1204,2021-02-19,Jharkhand,262687
1205,2021-02-20,Jharkhand,271129
1206,2021-02-21,Jharkhand,273466
1207,2021-02-22,Jharkhand,281976
1208,2021-02-23,Jharkhand,289373
1209,2021-02-24,Jharkhand,298027
1210,2021-02-25,Jharkhand,304309
1211,2021-02-26,Jharkhand,313438
1212,2021-02-27,Jharkhand,313438
1213,2021-02-28,Jharkhand,313438
1214,2021-01-03,Jharkhand,313438
1215,2021-02-03,Jharkhand,332286
1216,2021-03-03,Jharkhand,350716
1217,2021-04-03,Jharkhand,368393
1218,2021-05-03,Jharkhand,389443
1219,2021-06-03,Jharkhand,410219
1220,2021-07-03,Jharkhand,416787
1221,2021-08-03,Jharkhand,442754
1222,2021-09-03,Jharkhand,472288
1223,2021-10-03,Jharkhand,507153
1224,2021-11-03,Jharkhand,523979
1225,2021-12-03,Jharkhand,560019
1226,2021-03-13,Jharkhand,590001
1227,2021-03-14,Jharkhand,610647
1228,2021-03-15,Jharkhand,653845
1229,2021-03-16,Jharkhand,696505
1230,2021-03-17,Jharkhand,736427
1231,2021-03-18,Jharkhand,769214
1232,2021-03-19,Jharkhand,802902
1233,2021-03-20,Jharkhand,909085
1234,2021-03-21,Jharkhand,1073070
1235,2021-03-22,Jharkhand,1116466
1236,2021-03-23,Jharkhand,1270863
1237,2021-03-24,Jharkhand,1390474
1238,2021-03-25,Jharkhand,1431231
1239,2021-03-26,Jharkhand,1492800
1240,2021-03-27,Jharkhand,1591980
1241,2021-03-28,Jharkhand,1605898
1242,2021-03-29,Jharkhand,1607533
1243,2021-03-30,Jharkhand,1618111
1244,2021-03-31,Jharkhand,1641584
1245,2021-01-04,Jharkhand,1667757
1246,2021-02-04,Jharkhand,1705795
1247,2021-03-04,Jharkhand,1733001
1248,2021-01-16,Karnataka,3810
1249,2021-01-17,Karnataka,4506
1250,2021-01-18,Karnataka,14755
1251,2021-01-19,Karnataka,25142
1252,2021-01-20,Karnataka,36705
1253,2021-01-21,Karnataka,47344
1254,2021-01-22,Karnataka,77432
1255,2021-01-23,Karnataka,84585
1256,2021-01-24,Karnataka,93426
1257,2021-01-25,Karnataka,138721
1258,2021-01-26,Karnataka,140856
1259,2021-01-27,Karnataka,196089
1260,2021-01-28,Karnataka,215875
1261,2021-01-29,Karnataka,234619
1262,2021-01-30,Karnataka,246438
1263,2021-01-31,Karnataka,247613
1264,2021-01-02,Karnataka,249931
1265,2021-02-02,Karnataka,250715
1266,2021-03-02,Karnataka,251723
1267,2021-04-02,Karnataka,265577
1268,2021-05-02,Karnataka,295307
1269,2021-06-02,Karnataka,321521
1270,2021-07-02,Karnataka,325554
1271,2021-08-02,Karnataka,350327
1272,2021-09-02,Karnataka,379152
1273,2021-10-02,Karnataka,403105
1274,2021-11-02,Karnataka,415241
1275,2021-12-02,Karnataka,430303
1276,2021-02-13,Karnataka,435685
1277,2021-02-14,Karnataka,435835
1278,2021-02-15,Karnataka,462838
1279,2021-02-16,Karnataka,501618
1280,2021-02-17,Karnataka,560044
1281,2021-02-18,Karnataka,537677
1282,2021-02-19,Karnataka,637368
1283,2021-02-20,Karnataka,663860
1284,2021-02-21,Karnataka,665580
1285,2021-02-22,Karnataka,705083
1286,2021-02-23,Karnataka,738792
1287,2021-02-24,Karnataka,777394
1288,2021-02-25,Karnataka,802101
1289,2021-02-26,Karnataka,833025
1290,2021-02-27,Karnataka,833025
1291,2021-02-28,Karnataka,833025
1292,2021-01-03,Karnataka,833025
1293,2021-02-03,Karnataka,845726
1294,2021-03-03,Karnataka,860417
1295,2021-04-03,Karnataka,875597
1296,2021-05-03,Karnataka,897268
1297,2021-06-03,Karnataka,923407
1298,2021-07-03,Karnataka,925831
1299,2021-08-03,Karnataka,994382
1300,2021-09-03,Karnataka,1044483
1301,2021-10-03,Karnataka,1142206
1302,2021-11-03,Karnataka,1159644
1303,2021-12-03,Karnataka,1268157
1304,2021-03-13,Karnataka,1320923
1305,2021-03-14,Karnataka,1340528
1306,2021-03-15,Karnataka,1511386
1307,2021-03-16,Karnataka,1624347
1308,2021-03-17,Karnataka,1858091
1309,2021-03-18,Karnataka,1965507
1310,2021-03-19,Karnataka,2200075
1311,2021-03-20,Karnataka,2395513
1312,2021-03-21,Karnataka,2426502
1313,2021-03-22,Karnataka,2614216
1314,2021-03-23,Karnataka,2756561
1315,2021-03-24,Karnataka,2934392
1316,2021-03-25,Karnataka,3023570
1317,2021-03-26,Karnataka,3179608
1318,2021-03-27,Karnataka,3297782
1319,2021-03-28,Karnataka,3316681
1320,2021-03-29,Karnataka,3450186
1321,2021-03-30,Karnataka,3564064
1322,2021-03-31,Karnataka,3709172
1323,2021-01-04,Karnataka,3820242
1324,2021-02-04,Karnataka,3995093
1325,2021-03-04,Karnataka,4166081
1326,2021-01-16,Kerala,1681
1327,2021-01-17,Kerala,1836
1328,2021-01-18,Kerala,2566
1329,2021-01-19,Kerala,5355
1330,2021-01-20,Kerala,5398
1331,2021-01-21,Kerala,9175
1332,2021-01-22,Kerala,15501
1333,2021-01-23,Kerala,21944
1334,2021-01-24,Kerala,23324
1335,2021-01-25,Kerala,43561
1336,2021-01-26,Kerala,43766
1337,2021-01-27,Kerala,58323
1338,2021-01-28,Kerala,82794
1339,2021-01-29,Kerala,110719
1340,2021-01-30,Kerala,134225
1341,2021-01-31,Kerala,140906
1342,2021-01-02,Kerala,173482
1343,2021-02-02,Kerala,204449
1344,2021-03-02,Kerala,225664
1345,2021-04-02,Kerala,250831
1346,2021-05-02,Kerala,266068
1347,2021-06-02,Kerala,271731
1348,2021-07-02,Kerala,272221
1349,2021-08-02,Kerala,287787
1350,2021-09-02,Kerala,302655
1351,2021-10-02,Kerala,306802
1352,2021-11-02,Kerala,314425
1353,2021-12-02,Kerala,326974
1354,2021-02-13,Kerala,338167
1355,2021-02-14,Kerala,340452
1356,2021-02-15,Kerala,357263
1357,2021-02-16,Kerala,382629
1358,2021-02-17,Kerala,392764
1359,2021-02-18,Kerala,401317
1360,2021-02-19,Kerala,432564
1361,2021-02-20,Kerala,445561
1362,2021-02-21,Kerala,445939
1363,2021-02-22,Kerala,469633
1364,2021-02-23,Kerala,484753
1365,2021-02-24,Kerala,501243
1366,2021-02-25,Kerala,538367
1367,2021-02-26,Kerala,593333
1368,2021-02-27,Kerala,593333
1369,2021-02-28,Kerala,593333
1370,2021-01-03,Kerala,593333
1371,2021-02-03,Kerala,653199
1372,2021-03-03,Kerala,691858
1373,2021-04-03,Kerala,774938
1374,2021-05-03,Kerala,856197
1375,2021-06-03,Kerala,943171
1376,2021-07-03,Kerala,956327
1377,2021-08-03,Kerala,1038770
1378,2021-09-03,Kerala,1110610
1379,2021-10-03,Kerala,1148834
1380,2021-11-03,Kerala,1187263
1381,2021-12-03,Kerala,1274264
1382,2021-03-13,Kerala,1321700
1383,2021-03-14,Kerala,1326053
1384,2021-03-15,Kerala,1412263
1385,2021-03-16,Kerala,1498772
1386,2021-03-17,Kerala,1541639
1387,2021-03-18,Kerala,1628685
1388,2021-03-19,Kerala,1707058
1389,2021-03-20,Kerala,1783490
1390,2021-03-21,Kerala,1788856
1391,2021-03-22,Kerala,1878739
1392,2021-03-23,Kerala,1978987
1393,2021-03-24,Kerala,2025879
1394,2021-03-25,Kerala,2125344
1395,2021-03-26,Kerala,2209596
1396,2021-03-27,Kerala,2289521
1397,2021-03-28,Kerala,2296839
1398,2021-03-29,Kerala,2401845
1399,2021-03-30,Kerala,2509797
1400,2021-03-31,Kerala,2556334
1401,2021-01-04,Kerala,2605847
1402,2021-02-04,Kerala,2641758
1403,2021-03-04,Kerala,2710291
1404,2021-01-16,Ladakh,9
1405,2021-01-17,Ladakh,9
1406,2021-01-18,Ladakh,64
1407,2021-01-19,Ladakh,64
1408,2021-01-20,Ladakh,66
1409,2021-01-21,Ladakh,66
1410,2021-01-22,Ladakh,164
1411,2021-01-23,Ladakh,330
1412,2021-01-24,Ladakh,337
1413,2021-01-25,Ladakh,461
1414,2021-01-26,Ladakh,461
1415,2021-01-27,Ladakh,642
1416,2021-01-28,Ladakh,652
1417,2021-01-29,Ladakh,823
1418,2021-01-30,Ladakh,959
1419,2021-01-31,Ladakh,959
1420,2021-01-02,Ladakh,1065
1421,2021-02-02,Ladakh,1065
1422,2021-03-02,Ladakh,1342
1423,2021-04-02,Ladakh,1342
1424,2021-05-02,Ladakh,1578
1425,2021-06-02,Ladakh,1817
1426,2021-07-02,Ladakh,1817
1427,2021-08-02,Ladakh,2064
1428,2021-09-02,Ladakh,2158
1429,2021-10-02,Ladakh,2379
1430,2021-11-02,Ladakh,2597
1431,2021-12-02,Ladakh,2695
1432,2021-02-13,Ladakh,2902
1433,2021-02-14,Ladakh,2902
1434,2021-02-15,Ladakh,3014
1435,2021-02-16,Ladakh,3602
1436,2021-02-17,Ladakh,4162
1437,2021-02-18,Ladakh,4572
1438,2021-02-19,Ladakh,5531
1439,2021-02-20,Ladakh,6383
1440,2021-02-21,Ladakh,6621
1441,2021-02-22,Ladakh,7460
1442,2021-02-23,Ladakh,8432
1443,2021-02-24,Ladakh,9243
1444,2021-02-25,Ladakh,9734
1445,2021-02-26,Ladakh,10341
1446,2021-02-27,Ladakh,10341
1447,2021-02-28,Ladakh,10341
1448,2021-01-03,Ladakh,10341
1449,2021-02-03,Ladakh,11130
1450,2021-03-03,Ladakh,12205
1451,2021-04-03,Ladakh,13048
1452,2021-05-03,Ladakh,14139
1453,2021-06-03,Ladakh,16365
1454,2021-07-03,Ladakh,16365
1455,2021-08-03,Ladakh,19096
1456,2021-09-03,Ladakh,22052
1457,2021-10-03,Ladakh,25217
1458,2021-11-03,Ladakh,28339
1459,2021-12-03,Ladakh,31013
1460,2021-03-13,Ladakh,33641
1461,2021-03-14,Ladakh,34213
1462,2021-03-15,Ladakh,36524
1463,2021-03-16,Ladakh,38403
1464,2021-03-17,Ladakh,40097
1465,2021-03-18,Ladakh,41424
1466,2021-03-19,Ladakh,42609
1467,2021-03-20,Ladakh,43590
1468,2021-03-21,Ladakh,43657
1469,2021-03-22,Ladakh,44639
1470,2021-03-23,Ladakh,45423
1471,2021-03-24,Ladakh,45777
1472,2021-03-25,Ladakh,46244
1473,2021-03-26,Ladakh,46371
1474,2021-03-27,Ladakh,46372
1475,2021-03-28,Ladakh,46372
1476,2021-03-29,Ladakh,46373
1477,2021-03-30,Ladakh,46492
1478,2021-03-31,Ladakh,46745
1479,2021-01-04,Ladakh,50433
1480,2021-02-04,Ladakh,55521
1481,2021-03-04,Ladakh,59262
1482,2021-01-16,Lakshadweep,16
1483,2021-01-17,Lakshadweep,17
1484,2021-01-18,Lakshadweep,237
1485,2021-01-19,Lakshadweep,622
1486,2021-01-20,Lakshadweep,629
1487,2021-01-21,Lakshadweep,724
1488,2021-01-22,Lakshadweep,734
1489,2021-01-23,Lakshadweep,734
1490,2021-01-24,Lakshadweep,749
1491,2021-01-25,Lakshadweep,752
1492,2021-01-26,Lakshadweep,752
1493,2021-01-27,Lakshadweep,765
1494,2021-01-28,Lakshadweep,790
1495,2021-01-29,Lakshadweep,807
1496,2021-01-30,Lakshadweep,807
1497,2021-01-31,Lakshadweep,807
1498,2021-01-02,Lakshadweep,807
1499,2021-02-02,Lakshadweep,807
1500,2021-03-02,Lakshadweep,807
1501,2021-04-02,Lakshadweep,807
1502,2021-05-02,Lakshadweep,825
1503,2021-06-02,Lakshadweep,833
1504,2021-07-02,Lakshadweep,833
1505,2021-08-02,Lakshadweep,839
1506,2021-09-02,Lakshadweep,869
1507,2021-10-02,Lakshadweep,1312
1508,2021-11-02,Lakshadweep,1344
1509,2021-12-02,Lakshadweep,1575
1510,2021-02-13,Lakshadweep,1575
1511,2021-02-14,Lakshadweep,1575
1512,2021-02-15,Lakshadweep,1575
1513,2021-02-16,Lakshadweep,1613
1514,2021-02-17,Lakshadweep,1613
1515,2021-02-18,Lakshadweep,1674
1516,2021-02-19,Lakshadweep,1770
1517,2021-02-20,Lakshadweep,1770
1518,2021-02-21,Lakshadweep,1770
1519,2021-02-22,Lakshadweep,1830
1520,2021-02-23,Lakshadweep,1877
1521,2021-02-24,Lakshadweep,1902
1522,2021-02-25,Lakshadweep,1929
1523,2021-02-26,Lakshadweep,1931
1524,2021-02-27,Lakshadweep,1931
1525,2021-02-28,Lakshadweep,1931
1526,2021-01-03,Lakshadweep,1931
1527,2021-02-03,Lakshadweep,1931
1528,2021-03-03,Lakshadweep,1931
1529,2021-04-03,Lakshadweep,1931
1530,2021-05-03,Lakshadweep,1982
1531,2021-06-03,Lakshadweep,2078
1532,2021-07-03,Lakshadweep,2078
1533,2021-08-03,Lakshadweep,2310
1534,2021-09-03,Lakshadweep,2464
1535,2021-10-03,Lakshadweep,2708
1536,2021-11-03,Lakshadweep,3044
1537,2021-12-03,Lakshadweep,3452
1538,2021-03-13,Lakshadweep,3864
1539,2021-03-14,Lakshadweep,3906
1540,2021-03-15,Lakshadweep,4157
1541,2021-03-16,Lakshadweep,4416
1542,2021-03-17,Lakshadweep,4486
1543,2021-03-18,Lakshadweep,4775
1544,2021-03-19,Lakshadweep,4907
1545,2021-03-20,Lakshadweep,5115
1546,2021-03-21,Lakshadweep,5121
1547,2021-03-22,Lakshadweep,5226
1548,2021-03-23,Lakshadweep,5377
1549,2021-03-24,Lakshadweep,5482
1550,2021-03-25,Lakshadweep,5527
1551,2021-03-26,Lakshadweep,5642
1552,2021-03-27,Lakshadweep,5852
1553,2021-03-28,Lakshadweep,5908
1554,2021-03-29,Lakshadweep,5908
1555,2021-03-30,Lakshadweep,6120
1556,2021-03-31,Lakshadweep,6359
1557,2021-01-04,Lakshadweep,6499
1558,2021-02-04,Lakshadweep,6698
1559,2021-03-04,Lakshadweep,6915
1560,2021-01-16,Madhya Pradesh,9435
1561,2021-01-17,Madhya Pradesh,9435
1562,2021-01-18,Madhya Pradesh,15934
1563,2021-01-19,Madhya Pradesh,18409
1564,2021-01-20,Madhya Pradesh,27769
1565,2021-01-21,Madhya Pradesh,38425
1566,2021-01-22,Madhya Pradesh,38425
1567,2021-01-23,Madhya Pradesh,38428
1568,2021-01-24,Madhya Pradesh,38430
1569,2021-01-25,Madhya Pradesh,66875
1570,2021-01-26,Madhya Pradesh,66877
1571,2021-01-27,Madhya Pradesh,131099
1572,2021-01-28,Madhya Pradesh,192628
1573,2021-01-29,Madhya Pradesh,234631
1574,2021-01-30,Madhya Pradesh,284782
1575,2021-01-31,Madhya Pradesh,285481
1576,2021-01-02,Madhya Pradesh,286538
1577,2021-02-02,Madhya Pradesh,286868
1578,2021-03-02,Madhya Pradesh,319623
1579,2021-04-02,Madhya Pradesh,329571
1580,2021-05-02,Madhya Pradesh,331316
1581,2021-06-02,Madhya Pradesh,332832
1582,2021-07-02,Madhya Pradesh,333677
1583,2021-08-02,Madhya Pradesh,369141
1584,2021-09-02,Madhya Pradesh,373504
1585,2021-10-02,Madhya Pradesh,427715
1586,2021-11-02,Madhya Pradesh,482095
1587,2021-12-02,Madhya Pradesh,519589
1588,2021-02-13,Madhya Pradesh,548275
1589,2021-02-14,Madhya Pradesh,548469
1590,2021-02-15,Madhya Pradesh,565957
1591,2021-02-16,Madhya Pradesh,567591
1592,2021-02-17,Madhya Pradesh,587658
1593,2021-02-18,Madhya Pradesh,598328
1594,2021-02-19,Madhya Pradesh,616805
1595,2021-02-20,Madhya Pradesh,635446
1596,2021-02-21,Madhya Pradesh,636057
1597,2021-02-22,Madhya Pradesh,666759
1598,2021-02-23,Madhya Pradesh,668773
1599,2021-02-24,Madhya Pradesh,716682
1600,2021-02-25,Madhya Pradesh,773228
1601,2021-02-26,Madhya Pradesh,804378
1602,2021-02-27,Madhya Pradesh,804378
1603,2021-02-28,Madhya Pradesh,804378
1604,2021-01-03,Madhya Pradesh,804378
1605,2021-02-03,Madhya Pradesh,846487
1606,2021-03-03,Madhya Pradesh,908051
1607,2021-04-03,Madhya Pradesh,970531
1608,2021-05-03,Madhya Pradesh,978701
1609,2021-06-03,Madhya Pradesh,1049846
1610,2021-07-03,Madhya Pradesh,1052103
1611,2021-08-03,Madhya Pradesh,1123372
1612,2021-09-03,Madhya Pradesh,1128005
1613,2021-10-03,Madhya Pradesh,1220790
1614,2021-11-03,Madhya Pradesh,1222409
1615,2021-12-03,Madhya Pradesh,1228587
1616,2021-03-13,Madhya Pradesh,1397018
1617,2021-03-14,Madhya Pradesh,1399368
1618,2021-03-15,Madhya Pradesh,1567518
1619,2021-03-16,Madhya Pradesh,1582141
1620,2021-03-17,Madhya Pradesh,1769200
1621,2021-03-18,Madhya Pradesh,1933624
1622,2021-03-19,Madhya Pradesh,1945523
1623,2021-03-20,Madhya Pradesh,2240111
1624,2021-03-21,Madhya Pradesh,2293365
1625,2021-03-22,Madhya Pradesh,2483264
1626,2021-03-23,Madhya Pradesh,2544410
1627,2021-03-24,Madhya Pradesh,2794468
1628,2021-03-25,Madhya Pradesh,2934397
1629,2021-03-26,Madhya Pradesh,2940956
1630,2021-03-27,Madhya Pradesh,3043742
1631,2021-03-28,Madhya Pradesh,3046909
1632,2021-03-29,Madhya Pradesh,3046923
1633,2021-03-30,Madhya Pradesh,3049039
1634,2021-03-31,Madhya Pradesh,3198684
1635,2021-01-04,Madhya Pradesh,3437250
1636,2021-02-04,Madhya Pradesh,3641562
1637,2021-03-04,Madhya Pradesh,3799033
1638,2021-01-16,Maharashtra,5726
1639,2021-01-17,Maharashtra,6521
1640,2021-01-18,Maharashtra,6151
1641,2021-01-19,Maharashtra,13699
1642,2021-01-20,Maharashtra,23880
1643,2021-01-21,Maharashtra,24148
1644,2021-01-22,Maharashtra,44369
1645,2021-01-23,Maharashtra,69295
1646,2021-01-24,Maharashtra,70196
1647,2021-01-25,Maharashtra,107073
1648,2021-01-26,Maharashtra,107338
1649,2021-01-27,Maharashtra,150102
1650,2021-01-28,Maharashtra,189743
1651,2021-01-29,Maharashtra,225132
1652,2021-01-30,Maharashtra,233693
1653,2021-01-31,Maharashtra,234150
1654,2021-01-02,Maharashtra,275348
1655,2021-02-02,Maharashtra,284107
1656,2021-03-02,Maharashtra,318918
1657,2021-04-02,Maharashtra,352676
1658,2021-05-02,Maharashtra,397889
1659,2021-06-02,Maharashtra,436229
1660,2021-07-02,Maharashtra,436400
1661,2021-08-02,Maharashtra,475193
1662,2021-09-02,Maharashtra,503757
1663,2021-10-02,Maharashtra,544726
1664,2021-11-02,Maharashtra,579241
1665,2021-12-02,Maharashtra,620539
1666,2021-02-13,Maharashtra,652971
1667,2021-02-14,Maharashtra,653305
1668,2021-02-15,Maharashtra,687137
1669,2021-02-16,Maharashtra,719944
1670,2021-02-17,Maharashtra,768695
1671,2021-02-18,Maharashtra,810906
1672,2021-02-19,Maharashtra,853374
1673,2021-02-20,Maharashtra,913658
1674,2021-02-21,Maharashtra,917962
1675,2021-02-22,Maharashtra,975061
1676,2021-02-23,Maharashtra,1017414
1677,2021-02-24,Maharashtra,1073789
1678,2021-02-25,Maharashtra,1128081
1679,2021-02-26,Maharashtra,1187018
1680,2021-02-27,Maharashtra,1187023
1681,2021-02-28,Maharashtra,1187178
1682,2021-01-03,Maharashtra,1187178
1683,2021-02-03,Maharashtra,1251419
1684,2021-03-03,Maharashtra,1317336
1685,2021-04-03,Maharashtra,1387989
1686,2021-05-03,Maharashtra,1479034
1687,2021-06-03,Maharashtra,1584841
1688,2021-07-03,Maharashtra,1591448
1689,2021-08-03,Maharashtra,1739823
1690,2021-09-03,Maharashtra,1842282
1691,2021-10-03,Maharashtra,2026459
1692,2021-11-03,Maharashtra,2082951
1693,2021-12-03,Maharashtra,2283547
1694,2021-03-13,Maharashtra,2418105
1695,2021-03-14,Maharashtra,2425477
1696,2021-03-15,Maharashtra,2643315
1697,2021-03-16,Maharashtra,2786874
1698,2021-03-17,Maharashtra,3009700
1699,2021-03-18,Maharashtra,3169281
1700,2021-03-19,Maharashtra,3361196
1701,2021-03-20,Maharashtra,3537842
1702,2021-03-21,Maharashtra,3568351
1703,2021-03-22,Maharashtra,3766765
1704,2021-03-23,Maharashtra,3949951
1705,2021-03-24,Maharashtra,4159836
1706,2021-03-25,Maharashtra,4333053
1707,2021-03-26,Maharashtra,4551771
1708,2021-03-27,Maharashtra,4740048
1709,2021-03-28,Maharashtra,4757291
1710,2021-03-29,Maharashtra,4796971
1711,2021-03-30,Maharashtra,4958586
1712,2021-03-31,Maharashtra,5137303
1713,2021-01-04,Maharashtra,5317206
1714,2021-02-04,Maharashtra,5577437
1715,2021-03-04,Maharashtra,5829729
1716,2021-01-16,Manipur,181
1717,2021-01-17,Manipur,192
1718,2021-01-18,Manipur,169
1719,2021-01-19,Manipur,267
1720,2021-01-20,Manipur,426
1721,2021-01-21,Manipur,426
1722,2021-01-22,Manipur,693
1723,2021-01-23,Manipur,1097
1724,2021-01-24,Manipur,1109
1725,2021-01-25,Manipur,1319
1726,2021-01-26,Manipur,1328
1727,2021-01-27,Manipur,1873
1728,2021-01-28,Manipur,1909
1729,2021-01-29,Manipur,2394
1730,2021-01-30,Manipur,2933
1731,2021-01-31,Manipur,2947
1732,2021-01-02,Manipur,3321
1733,2021-02-02,Manipur,3614
1734,2021-03-02,Manipur,4683
1735,2021-04-02,Manipur,4882
1736,2021-05-02,Manipur,5638
1737,2021-06-02,Manipur,6981
1738,2021-07-02,Manipur,7085
1739,2021-08-02,Manipur,8785
1740,2021-09-02,Manipur,9895
1741,2021-10-02,Manipur,12509
1742,2021-11-02,Manipur,14562
1743,2021-12-02,Manipur,17996
1744,2021-02-13,Manipur,20866
1745,2021-02-14,Manipur,21453
1746,2021-02-15,Manipur,24428
1747,2021-02-16,Manipur,27506
1748,2021-02-17,Manipur,31661
1749,2021-02-18,Manipur,34103
1750,2021-02-19,Manipur,37210
1751,2021-02-20,Manipur,38877
1752,2021-02-21,Manipur,39179
1753,2021-02-22,Manipur,40640
1754,2021-02-23,Manipur,42108
1755,2021-02-24,Manipur,44538
1756,2021-02-25,Manipur,47096
1757,2021-02-26,Manipur,50565
1758,2021-02-27,Manipur,50565
1759,2021-02-28,Manipur,50565
1760,2021-01-03,Manipur,50565
1761,2021-02-03,Manipur,53731
1762,2021-03-03,Manipur,57367
1763,2021-04-03,Manipur,59952
1764,2021-05-03,Manipur,62866
1765,2021-06-03,Manipur,66418
1766,2021-07-03,Manipur,66485
1767,2021-08-03,Manipur,69656
1768,2021-09-03,Manipur,71620
1769,2021-10-03,Manipur,74238
1770,2021-11-03,Manipur,75941
1771,2021-12-03,Manipur,78768
1772,2021-03-13,Manipur,79844
1773,2021-03-14,Manipur,79869
1774,2021-03-15,Manipur,82994
1775,2021-03-16,Manipur,85020
1776,2021-03-17,Manipur,88016
1777,2021-03-18,Manipur,89755
1778,2021-03-19,Manipur,92362
1779,2021-03-20,Manipur,95224
1780,2021-03-21,Manipur,95577
1781,2021-03-22,Manipur,98389
1782,2021-03-23,Manipur,101168
1783,2021-03-24,Manipur,103952
1784,2021-03-25,Manipur,106108
1785,2021-03-26,Manipur,108989
1786,2021-03-27,Manipur,111184
1787,2021-03-28,Manipur,111305
1788,2021-03-29,Manipur,111311
1789,2021-03-30,Manipur,112268
1790,2021-03-31,Manipur,113296
1791,2021-01-04,Manipur,114978
1792,2021-02-04,Manipur,115494
1793,2021-03-04,Manipur,118151
1794,2021-01-16,Meghalaya,102
1795,2021-01-17,Meghalaya,102
1796,2021-01-18,Meghalaya,58
1797,2021-01-19,Meghalaya,170
1798,2021-01-20,Meghalaya,189
1799,2021-01-21,Meghalaya,380
1800,2021-01-22,Meghalaya,525
1801,2021-01-23,Meghalaya,709
1802,2021-01-24,Meghalaya,713
1803,2021-01-25,Meghalaya,1249
1804,2021-01-26,Meghalaya,1256
1805,2021-01-27,Meghalaya,1964
1806,2021-01-28,Meghalaya,2609
1807,2021-01-29,Meghalaya,2925
1808,2021-01-30,Meghalaya,3070
1809,2021-01-31,Meghalaya,3076
1810,2021-01-02,Meghalaya,3317
1811,2021-02-02,Meghalaya,3451
1812,2021-03-02,Meghalaya,3565
1813,2021-04-02,Meghalaya,4216
1814,2021-05-02,Meghalaya,4933
1815,2021-06-02,Meghalaya,5585
1816,2021-07-02,Meghalaya,5585
1817,2021-08-02,Meghalaya,6394
1818,2021-09-02,Meghalaya,7806
1819,2021-10-02,Meghalaya,8557
1820,2021-11-02,Meghalaya,10420
1821,2021-12-02,Meghalaya,11614
1822,2021-02-13,Meghalaya,12996
1823,2021-02-14,Meghalaya,12997
1824,2021-02-15,Meghalaya,15270
1825,2021-02-16,Meghalaya,17969
1826,2021-02-17,Meghalaya,21964
1827,2021-02-18,Meghalaya,25231
1828,2021-02-19,Meghalaya,29028
1829,2021-02-20,Meghalaya,31111
1830,2021-02-21,Meghalaya,31142
1831,2021-02-22,Meghalaya,34056
1832,2021-02-23,Meghalaya,37186
1833,2021-02-24,Meghalaya,39128
1834,2021-02-25,Meghalaya,41799
1835,2021-02-26,Meghalaya,43820
1836,2021-02-27,Meghalaya,43820
1837,2021-02-28,Meghalaya,43820
1838,2021-01-03,Meghalaya,43820
1839,2021-02-03,Meghalaya,46335
1840,2021-03-03,Meghalaya,48103
1841,2021-04-03,Meghalaya,49906
1842,2021-05-03,Meghalaya,51694
1843,2021-06-03,Meghalaya,52850
1844,2021-07-03,Meghalaya,52918
1845,2021-08-03,Meghalaya,55701
1846,2021-09-03,Meghalaya,58458
1847,2021-10-03,Meghalaya,60942
1848,2021-11-03,Meghalaya,64266
1849,2021-12-03,Meghalaya,66721
1850,2021-03-13,Meghalaya,68628
1851,2021-03-14,Meghalaya,68638
1852,2021-03-15,Meghalaya,71735
1853,2021-03-16,Meghalaya,75877
1854,2021-03-17,Meghalaya,79424
1855,2021-03-18,Meghalaya,83654
1856,2021-03-19,Meghalaya,87480
1857,2021-03-20,Meghalaya,89454
1858,2021-03-21,Meghalaya,89511
1859,2021-03-22,Meghalaya,93533
1860,2021-03-23,Meghalaya,98691
1861,2021-03-24,Meghalaya,101847
1862,2021-03-25,Meghalaya,106502
1863,2021-03-26,Meghalaya,108941
1864,2021-03-27,Meghalaya,109614
1865,2021-03-28,Meghalaya,109628
1866,2021-03-29,Meghalaya,110959
1867,2021-03-30,Meghalaya,113500
1868,2021-03-31,Meghalaya,115147
1869,2021-01-04,Meghalaya,118860
1870,2021-02-04,Meghalaya,119583
1871,2021-03-04,Meghalaya,120796
1872,2021-01-16,Mizoram,105
1873,2021-01-17,Mizoram,105
1874,2021-01-18,Mizoram,98
1875,2021-01-19,Mizoram,259
1876,2021-01-20,Mizoram,291
1877,2021-01-21,Mizoram,632
1878,2021-01-22,Mizoram,1494
1879,2021-01-23,Mizoram,1870
1880,2021-01-24,Mizoram,1945
1881,2021-01-25,Mizoram,3087
1882,2021-01-26,Mizoram,3115
1883,2021-01-27,Mizoram,4782
1884,2021-01-28,Mizoram,5391
1885,2021-01-29,Mizoram,7065
1886,2021-01-30,Mizoram,7977
1887,2021-01-31,Mizoram,7977
1888,2021-01-02,Mizoram,8462
1889,2021-02-02,Mizoram,8462
1890,2021-03-02,Mizoram,8525
1891,2021-04-02,Mizoram,8583
1892,2021-05-02,Mizoram,9110
1893,2021-06-02,Mizoram,9470
1894,2021-07-02,Mizoram,9476
1895,2021-08-02,Mizoram,9492
1896,2021-09-02,Mizoram,9603
1897,2021-10-02,Mizoram,9642
1898,2021-11-02,Mizoram,9642
1899,2021-12-02,Mizoram,9941
1900,2021-02-13,Mizoram,10254
1901,2021-02-14,Mizoram,10440
1902,2021-02-15,Mizoram,11394
1903,2021-02-16,Mizoram,11402
1904,2021-02-17,Mizoram,12755
1905,2021-02-18,Mizoram,14305
1906,2021-02-19,Mizoram,16672
1907,2021-02-20,Mizoram,16918
1908,2021-02-21,Mizoram,16918
1909,2021-02-22,Mizoram,18808
1910,2021-02-23,Mizoram,20689
1911,2021-02-24,Mizoram,23483
1912,2021-02-25,Mizoram,25618
1913,2021-02-26,Mizoram,27554
1914,2021-02-27,Mizoram,27554
1915,2021-02-28,Mizoram,27558
1916,2021-01-03,Mizoram,27558
1917,2021-02-03,Mizoram,33404
1918,2021-03-03,Mizoram,37776
1919,2021-04-03,Mizoram,40949
1920,2021-05-03,Mizoram,41973
1921,2021-06-03,Mizoram,43202
1922,2021-07-03,Mizoram,43295
1923,2021-08-03,Mizoram,44969
1924,2021-09-03,Mizoram,47816
1925,2021-10-03,Mizoram,51940
1926,2021-11-03,Mizoram,53997
1927,2021-12-03,Mizoram,55293
1928,2021-03-13,Mizoram,55867
1929,2021-03-14,Mizoram,55977
1930,2021-03-15,Mizoram,57981
1931,2021-03-16,Mizoram,60712
1932,2021-03-17,Mizoram,61753
1933,2021-03-18,Mizoram,62872
1934,2021-03-19,Mizoram,63874
1935,2021-03-20,Mizoram,64623
1936,2021-03-21,Mizoram,64631
1937,2021-03-22,Mizoram,65408
1938,2021-03-23,Mizoram,66454
1939,2021-03-24,Mizoram,66888
1940,2021-03-25,Mizoram,67736
1941,2021-03-26,Mizoram,69005
1942,2021-03-27,Mizoram,69088
1943,2021-03-28,Mizoram,69088
1944,2021-03-29,Mizoram,69175
1945,2021-03-30,Mizoram,69744
1946,2021-03-31,Mizoram,70181
1947,2021-01-04,Mizoram,71628
1948,2021-02-04,Mizoram,71848
1949,2021-03-04,Mizoram,71952
1950,2021-01-16,Nagaland,94
1951,2021-01-17,Nagaland,94
1952,2021-01-18,Nagaland,315
1953,2021-01-19,Nagaland,649
1954,2021-01-20,Nagaland,1070
1955,2021-01-21,Nagaland,1267
1956,2021-01-22,Nagaland,1563
1957,2021-01-23,Nagaland,1574
1958,2021-01-24,Nagaland,1583
1959,2021-01-25,Nagaland,2447
1960,2021-01-26,Nagaland,2491
1961,2021-01-27,Nagaland,3371
1962,2021-01-28,Nagaland,3485
1963,2021-01-29,Nagaland,3509
1964,2021-01-30,Nagaland,3529
1965,2021-01-31,Nagaland,3530
1966,2021-01-02,Nagaland,3535
1967,2021-02-02,Nagaland,3630
1968,2021-03-02,Nagaland,3781
1969,2021-04-02,Nagaland,3958
1970,2021-05-02,Nagaland,4068
1971,2021-06-02,Nagaland,4092
1972,2021-07-02,Nagaland,4093
1973,2021-08-02,Nagaland,4502
1974,2021-09-02,Nagaland,5380
1975,2021-10-02,Nagaland,6606
1976,2021-11-02,Nagaland,7779
1977,2021-12-02,Nagaland,8510
1978,2021-02-13,Nagaland,9041
1979,2021-02-14,Nagaland,9298
1980,2021-02-15,Nagaland,11374
1981,2021-02-16,Nagaland,13855
1982,2021-02-17,Nagaland,15897
1983,2021-02-18,Nagaland,18021
1984,2021-02-19,Nagaland,21930
1985,2021-02-20,Nagaland,23239
1986,2021-02-21,Nagaland,23333
1987,2021-02-22,Nagaland,25515
1988,2021-02-23,Nagaland,27485
1989,2021-02-24,Nagaland,29733
1990,2021-02-25,Nagaland,31357
1991,2021-02-26,Nagaland,32408
1992,2021-02-27,Nagaland,32408
1993,2021-02-28,Nagaland,32408
1994,2021-01-03,Nagaland,32408
1995,2021-02-03,Nagaland,33666
1996,2021-03-03,Nagaland,35478
1997,2021-04-03,Nagaland,36435
1998,2021-05-03,Nagaland,36838
1999,2021-06-03,Nagaland,37449
2000,2021-07-03,Nagaland,37534
2001,2021-08-03,Nagaland,39702
2002,2021-09-03,Nagaland,41037
2003,2021-10-03,Nagaland,43429
2004,2021-11-03,Nagaland,46401
2005,2021-12-03,Nagaland,47454
2006,2021-03-13,Nagaland,47987
2007,2021-03-14,Nagaland,48256
2008,2021-03-15,Nagaland,51539
2009,2021-03-16,Nagaland,54586
2010,2021-03-17,Nagaland,56712
2011,2021-03-18,Nagaland,59222
2012,2021-03-19,Nagaland,60714
2013,2021-03-20,Nagaland,61395
2014,2021-03-21,Nagaland,61609
2015,2021-03-22,Nagaland,66126
2016,2021-03-23,Nagaland,70362
2017,2021-03-24,Nagaland,72611
2018,2021-03-25,Nagaland,74922
2019,2021-03-26,Nagaland,75607
2020,2021-03-27,Nagaland,75891
2021,2021-03-28,Nagaland,75897
2022,2021-03-29,Nagaland,76009
2023,2021-03-30,Nagaland,79631
2024,2021-03-31,Nagaland,81697
2025,2021-01-04,Nagaland,83767
2026,2021-02-04,Nagaland,84131
2027,2021-03-04,Nagaland,84359
2028,2021-01-16,Odisha,3420
2029,2021-01-17,Odisha,3536
2030,2021-01-18,Odisha,7591
2031,2021-01-19,Odisha,14807
2032,2021-01-20,Odisha,18568
2033,2021-01-21,Odisha,45331
2034,2021-01-22,Odisha,59241
2035,2021-01-23,Odisha,89092
2036,2021-01-24,Odisha,93846
2037,2021-01-25,Odisha,120698
2038,2021-01-26,Odisha,122870
2039,2021-01-27,Odisha,130317
2040,2021-01-28,Odisha,145998
2041,2021-01-29,Odisha,156711
2042,2021-01-30,Odisha,158329
2043,2021-01-31,Odisha,158567
2044,2021-01-02,Odisha,159914
2045,2021-02-02,Odisha,161078
2046,2021-03-02,Odisha,165753
2047,2021-04-02,Odisha,186187
2048,2021-05-02,Odisha,190943
2049,2021-06-02,Odisha,220401
2050,2021-07-02,Odisha,223714
2051,2021-08-02,Odisha,255650
2052,2021-09-02,Odisha,282491
2053,2021-10-02,Odisha,316166
2054,2021-11-02,Odisha,334559
2055,2021-12-02,Odisha,350417
2056,2021-02-13,Odisha,360206
2057,2021-02-14,Odisha,360679
2058,2021-02-15,Odisha,377078
2059,2021-02-16,Odisha,380202
2060,2021-02-17,Odisha,392505
2061,2021-02-18,Odisha,407988
2062,2021-02-19,Odisha,462576
2063,2021-02-20,Odisha,489793
2064,2021-02-21,Odisha,491506
2065,2021-02-22,Odisha,519365
2066,2021-02-23,Odisha,531427
2067,2021-02-24,Odisha,539997
2068,2021-02-25,Odisha,564070
2069,2021-02-26,Odisha,573790
2070,2021-02-27,Odisha,573826
2071,2021-02-28,Odisha,573828
2072,2021-01-03,Odisha,573828
2073,2021-02-03,Odisha,608953
2074,2021-03-03,Odisha,636348
2075,2021-04-03,Odisha,678170
2076,2021-05-03,Odisha,705107
2077,2021-06-03,Odisha,744565
2078,2021-07-03,Odisha,749077
2079,2021-08-03,Odisha,820328
2080,2021-09-03,Odisha,885350
2081,2021-10-03,Odisha,931516
2082,2021-11-03,Odisha,939869
2083,2021-12-03,Odisha,1009572
2084,2021-03-13,Odisha,1070534
2085,2021-03-14,Odisha,1077918
2086,2021-03-15,Odisha,1171373
2087,2021-03-16,Odisha,1276434
2088,2021-03-17,Odisha,1358908
2089,2021-03-18,Odisha,1456267
2090,2021-03-19,Odisha,1540249
2091,2021-03-20,Odisha,1635357
2092,2021-03-21,Odisha,1664724
2093,2021-03-22,Odisha,1722843
2094,2021-03-23,Odisha,1826625
2095,2021-03-24,Odisha,1886854
2096,2021-03-25,Odisha,1957590
2097,2021-03-26,Odisha,2022073
2098,2021-03-27,Odisha,2091983
2099,2021-03-28,Odisha,2102951
2100,2021-03-29,Odisha,2103615
2101,2021-03-30,Odisha,2180170
2102,2021-03-31,Odisha,2260511
2103,2021-01-04,Odisha,2351639
2104,2021-02-04,Odisha,2556571
2105,2021-03-04,Odisha,2740031
2106,2021-01-16,Puducherry,92
2107,2021-01-17,Puducherry,92
2108,2021-01-18,Puducherry,128
2109,2021-01-19,Puducherry,249
2110,2021-01-20,Puducherry,249
2111,2021-01-21,Puducherry,249
2112,2021-01-22,Puducherry,440
2113,2021-01-23,Puducherry,813
2114,2021-01-24,Puducherry,870
2115,2021-01-25,Puducherry,1200
2116,2021-01-26,Puducherry,1205
2117,2021-01-27,Puducherry,1274
2118,2021-01-28,Puducherry,1302
2119,2021-01-29,Puducherry,1684
2120,2021-01-30,Puducherry,2069
2121,2021-01-31,Puducherry,2077
2122,2021-01-02,Puducherry,2316
2123,2021-02-02,Puducherry,2472
2124,2021-03-02,Puducherry,2640
2125,2021-04-02,Puducherry,2640
2126,2021-05-02,Puducherry,2984
2127,2021-06-02,Puducherry,2984
2128,2021-07-02,Puducherry,2984
2129,2021-08-02,Puducherry,3326
2130,2021-09-02,Puducherry,3728
2131,2021-10-02,Puducherry,4135
2132,2021-11-02,Puducherry,4144
2133,2021-12-02,Puducherry,4740
2134,2021-02-13,Puducherry,5311
2135,2021-02-14,Puducherry,5311
2136,2021-02-15,Puducherry,5974
2137,2021-02-16,Puducherry,6502
2138,2021-02-17,Puducherry,7072
2139,2021-02-18,Puducherry,7433
2140,2021-02-19,Puducherry,8863
2141,2021-02-20,Puducherry,9790
2142,2021-02-21,Puducherry,9790
2143,2021-02-22,Puducherry,10023
2144,2021-02-23,Puducherry,10132
2145,2021-02-24,Puducherry,10288
2146,2021-02-25,Puducherry,10599
2147,2021-02-26,Puducherry,11254
2148,2021-02-27,Puducherry,11254
2149,2021-02-28,Puducherry,11254
2150,2021-01-03,Puducherry,11254
2151,2021-02-03,Puducherry,11912
2152,2021-03-03,Puducherry,13087
2153,2021-04-03,Puducherry,14349
2154,2021-05-03,Puducherry,15833
2155,2021-06-03,Puducherry,17181
2156,2021-07-03,Puducherry,17186
2157,2021-08-03,Puducherry,18840
2158,2021-09-03,Puducherry,20253
2159,2021-10-03,Puducherry,21997
2160,2021-11-03,Puducherry,23678
2161,2021-12-03,Puducherry,25218
2162,2021-03-13,Puducherry,27025
2163,2021-03-14,Puducherry,27068
2164,2021-03-15,Puducherry,29286
2165,2021-03-16,Puducherry,31847
2166,2021-03-17,Puducherry,34888
2167,2021-03-18,Puducherry,37798
2168,2021-03-19,Puducherry,40208
2169,2021-03-20,Puducherry,43706
2170,2021-03-21,Puducherry,43854
2171,2021-03-22,Puducherry,46778
2172,2021-03-23,Puducherry,50053
2173,2021-03-24,Puducherry,54656
2174,2021-03-25,Puducherry,57369
2175,2021-03-26,Puducherry,60223
2176,2021-03-27,Puducherry,62477
2177,2021-03-28,Puducherry,62664
2178,2021-03-29,Puducherry,64527
2179,2021-03-30,Puducherry,68436
2180,2021-03-31,Puducherry,72039
2181,2021-01-04,Puducherry,74337
2182,2021-02-04,Puducherry,75484
2183,2021-03-04,Puducherry,78791
2184,2021-01-16,Punjab,336
2185,2021-01-17,Punjab,338
2186,2021-01-18,Punjab,678
2187,2021-01-19,Punjab,1529
2188,2021-01-20,Punjab,2432
2189,2021-01-21,Punjab,4780
2190,2021-01-22,Punjab,9676
2191,2021-01-23,Punjab,16519
2192,2021-01-24,Punjab,17712
2193,2021-01-25,Punjab,26017
2194,2021-01-26,Punjab,26213
2195,2021-01-27,Punjab,33121
2196,2021-01-28,Punjab,39511
2197,2021-01-29,Punjab,42210
2198,2021-01-30,Punjab,45648
2199,2021-01-31,Punjab,45738
2200,2021-01-02,Punjab,47903
2201,2021-02-02,Punjab,49663
2202,2021-03-02,Punjab,52241
2203,2021-04-02,Punjab,56208
2204,2021-05-02,Punjab,60878
2205,2021-06-02,Punjab,64399
2206,2021-07-02,Punjab,64401
2207,2021-08-02,Punjab,70250
2208,2021-09-02,Punjab,75851
2209,2021-10-02,Punjab,80350
2210,2021-11-02,Punjab,85911
2211,2021-12-02,Punjab,90012
2212,2021-02-13,Punjab,92050
2213,2021-02-14,Punjab,92050
2214,2021-02-15,Punjab,97181
2215,2021-02-16,Punjab,102258
2216,2021-02-17,Punjab,106279
2217,2021-02-18,Punjab,107749
2218,2021-02-19,Punjab,122526
2219,2021-02-20,Punjab,128999
2220,2021-02-21,Punjab,129510
2221,2021-02-22,Punjab,140314
2222,2021-02-23,Punjab,149544
2223,2021-02-24,Punjab,158632
2224,2021-02-25,Punjab,172597
2225,2021-02-26,Punjab,181693
2226,2021-02-27,Punjab,181693
2227,2021-02-28,Punjab,181693
2228,2021-01-03,Punjab,181693
2229,2021-02-03,Punjab,199021
2230,2021-03-03,Punjab,211462
2231,2021-04-03,Punjab,224386
2232,2021-05-03,Punjab,240500
2233,2021-06-03,Punjab,254347
2234,2021-07-03,Punjab,255858
2235,2021-08-03,Punjab,275759
2236,2021-09-03,Punjab,295287
2237,2021-10-03,Punjab,312460
2238,2021-11-03,Punjab,318998
2239,2021-12-03,Punjab,339982
2240,2021-03-13,Punjab,359181
2241,2021-03-14,Punjab,361684
2242,2021-03-15,Punjab,387028
2243,2021-03-16,Punjab,413158
2244,2021-03-17,Punjab,435789
2245,2021-03-18,Punjab,464411
2246,2021-03-19,Punjab,495405
2247,2021-03-20,Punjab,530370
2248,2021-03-21,Punjab,540854
2249,2021-03-22,Punjab,573635
2250,2021-03-23,Punjab,607997
2251,2021-03-24,Punjab,638926
2252,2021-03-25,Punjab,674746
2253,2021-03-26,Punjab,709260
2254,2021-03-27,Punjab,754539
2255,2021-03-28,Punjab,773566
2256,2021-03-29,Punjab,793323
2257,2021-03-30,Punjab,842092
2258,2021-03-31,Punjab,892209
2259,2021-01-04,Punjab,953269
2260,2021-02-04,Punjab,1019281
2261,2021-03-04,Punjab,1091874
2262,2021-01-16,Rajasthan,3285
2263,2021-01-17,Rajasthan,3455
2264,2021-01-18,Rajasthan,4037
2265,2021-01-19,Rajasthan,13022
2266,2021-01-20,Rajasthan,13146
2267,2021-01-21,Rajasthan,13605
2268,2021-01-22,Rajasthan,24545
2269,2021-01-23,Rajasthan,47915
2270,2021-01-24,Rajasthan,74727
2271,2021-01-25,Rajasthan,141245
2272,2021-01-26,Rajasthan,141527
2273,2021-01-27,Rajasthan,218831
2274,2021-01-28,Rajasthan,239877
2275,2021-01-29,Rajasthan,302265
2276,2021-01-30,Rajasthan,307923
2277,2021-01-31,Rajasthan,309565
2278,2021-01-02,Rajasthan,313321
2279,2021-02-02,Rajasthan,319352
2280,2021-03-02,Rajasthan,343265
2281,2021-04-02,Rajasthan,364452
2282,2021-05-02,Rajasthan,392138
2283,2021-06-02,Rajasthan,434782
2284,2021-07-02,Rajasthan,436384
2285,2021-08-02,Rajasthan,462139
2286,2021-09-02,Rajasthan,467360
2287,2021-10-02,Rajasthan,534459
2288,2021-11-02,Rajasthan,566165
2289,2021-12-02,Rajasthan,582386
2290,2021-02-13,Rajasthan,585570
2291,2021-02-14,Rajasthan,586110
2292,2021-02-15,Rajasthan,611493
2293,2021-02-16,Rajasthan,626481
2294,2021-02-17,Rajasthan,747482
2295,2021-02-18,Rajasthan,732405
2296,2021-02-19,Rajasthan,790236
2297,2021-02-20,Rajasthan,810063
2298,2021-02-21,Rajasthan,810077
2299,2021-02-22,Rajasthan,836494
2300,2021-02-23,Rajasthan,866185
2301,2021-02-24,Rajasthan,919887
2302,2021-02-25,Rajasthan,939812
2303,2021-02-26,Rajasthan,1010420
2304,2021-02-27,Rajasthan,1010420
2305,2021-02-28,Rajasthan,1010422
2306,2021-01-03,Rajasthan,1010422
2307,2021-02-03,Rajasthan,1213860
2308,2021-03-03,Rajasthan,1423769
2309,2021-04-03,Rajasthan,1532359
2310,2021-05-03,Rajasthan,1783489
2311,2021-06-03,Rajasthan,2024053
2312,2021-07-03,Rajasthan,2037152
2313,2021-08-03,Rajasthan,2225610
2314,2021-09-03,Rajasthan,2294154
2315,2021-10-03,Rajasthan,2426535
2316,2021-11-03,Rajasthan,2430580
2317,2021-12-03,Rajasthan,2610691
2318,2021-03-13,Rajasthan,2796674
2319,2021-03-14,Rajasthan,2806686
2320,2021-03-15,Rajasthan,3002375
2321,2021-03-16,Rajasthan,3226597
2322,2021-03-17,Rajasthan,3565963
2323,2021-03-18,Rajasthan,3628780
2324,2021-03-19,Rajasthan,3874111
2325,2021-03-20,Rajasthan,4113802
2326,2021-03-21,Rajasthan,4152271
2327,2021-03-22,Rajasthan,4326231
2328,2021-03-23,Rajasthan,4569823
2329,2021-03-24,Rajasthan,4789237
2330,2021-03-25,Rajasthan,4860281
2331,2021-03-26,Rajasthan,5067093
2332,2021-03-27,Rajasthan,5253139
2333,2021-03-28,Rajasthan,5261381
2334,2021-03-29,Rajasthan,5261400
2335,2021-03-30,Rajasthan,5352179
2336,2021-03-31,Rajasthan,5485301
2337,2021-01-04,Rajasthan,5663541
2338,2021-02-04,Rajasthan,5981285
2339,2021-03-04,Rajasthan,6265299
2340,2021-01-16,Sikkim,7
2341,2021-01-17,Sikkim,7
2342,2021-01-18,Sikkim,7
2343,2021-01-19,Sikkim,38
2344,2021-01-20,Sikkim,62
2345,2021-01-21,Sikkim,186
2346,2021-01-22,Sikkim,296
2347,2021-01-23,Sikkim,299
2348,2021-01-24,Sikkim,309
2349,2021-01-25,Sikkim,477
2350,2021-01-26,Sikkim,490
2351,2021-01-27,Sikkim,964
2352,2021-01-28,Sikkim,1431
2353,2021-01-29,Sikkim,1707
2354,2021-01-30,Sikkim,1707
2355,2021-01-31,Sikkim,1709
2356,2021-01-02,Sikkim,1855
2357,2021-02-02,Sikkim,2336
2358,2021-03-02,Sikkim,3084
2359,2021-04-02,Sikkim,3923
2360,2021-05-02,Sikkim,4857
2361,2021-06-02,Sikkim,5089
2362,2021-07-02,Sikkim,5090
2363,2021-08-02,Sikkim,5726
2364,2021-09-02,Sikkim,6653
2365,2021-10-02,Sikkim,7478
2366,2021-11-02,Sikkim,8022
2367,2021-12-02,Sikkim,8041
2368,2021-02-13,Sikkim,8042
2369,2021-02-14,Sikkim,8042
2370,2021-02-15,Sikkim,8252
2371,2021-02-16,Sikkim,9006
2372,2021-02-17,Sikkim,9714
2373,2021-02-18,Sikkim,10339
2374,2021-02-19,Sikkim,11993
2375,2021-02-20,Sikkim,12921
2376,2021-02-21,Sikkim,12921
2377,2021-02-22,Sikkim,14550
2378,2021-02-23,Sikkim,16146
2379,2021-02-24,Sikkim,17456
2380,2021-02-25,Sikkim,18535
2381,2021-02-26,Sikkim,19112
2382,2021-02-27,Sikkim,19112
2383,2021-02-28,Sikkim,19112
2384,2021-01-03,Sikkim,19112
2385,2021-02-03,Sikkim,20991
2386,2021-03-03,Sikkim,22602
2387,2021-04-03,Sikkim,24622
2388,2021-05-03,Sikkim,27446
2389,2021-06-03,Sikkim,29477
2390,2021-07-03,Sikkim,29477
2391,2021-08-03,Sikkim,33038
2392,2021-09-03,Sikkim,36071
2393,2021-10-03,Sikkim,39814
2394,2021-11-03,Sikkim,43566
2395,2021-12-03,Sikkim,46444
2396,2021-03-13,Sikkim,46701
2397,2021-03-14,Sikkim,46701
2398,2021-03-15,Sikkim,49574
2399,2021-03-16,Sikkim,51870
2400,2021-03-17,Sikkim,54508
2401,2021-03-18,Sikkim,57388
2402,2021-03-19,Sikkim,59901
2403,2021-03-20,Sikkim,61733
2404,2021-03-21,Sikkim,61810
2405,2021-03-22,Sikkim,64586
2406,2021-03-23,Sikkim,67515
2407,2021-03-24,Sikkim,69612
2408,2021-03-25,Sikkim,71501
2409,2021-03-26,Sikkim,73283
2410,2021-03-27,Sikkim,73325
2411,2021-03-28,Sikkim,73325
2412,2021-03-29,Sikkim,73325
2413,2021-03-30,Sikkim,74329
2414,2021-03-31,Sikkim,74802
2415,2021-01-04,Sikkim,78055
2416,2021-02-04,Sikkim,78835
2417,2021-03-04,Sikkim,79453
2418,2021-01-16,Tamil Nadu,1167
2419,2021-01-17,Tamil Nadu,1745
2420,2021-01-18,Tamil Nadu,2861
2421,2021-01-19,Tamil Nadu,6154
2422,2021-01-20,Tamil Nadu,9060
2423,2021-01-21,Tamil Nadu,15654
2424,2021-01-22,Tamil Nadu,23659
2425,2021-01-23,Tamil Nadu,31127
2426,2021-01-24,Tamil Nadu,35144
2427,2021-01-25,Tamil Nadu,41396
2428,2021-01-26,Tamil Nadu,46310
2429,2021-01-27,Tamil Nadu,54195
2430,2021-01-28,Tamil Nadu,61290
2431,2021-01-29,Tamil Nadu,66918
2432,2021-01-30,Tamil Nadu,76934
2433,2021-01-31,Tamil Nadu,77809
2434,2021-01-02,Tamil Nadu,85002
2435,2021-02-02,Tamil Nadu,91094
2436,2021-03-02,Tamil Nadu,98750
2437,2021-04-02,Tamil Nadu,107904
2438,2021-05-02,Tamil Nadu,116857
2439,2021-06-02,Tamil Nadu,126381
2440,2021-07-02,Tamil Nadu,127289
2441,2021-08-02,Tamil Nadu,139024
2442,2021-09-02,Tamil Nadu,150915
2443,2021-10-02,Tamil Nadu,162412
2444,2021-11-02,Tamil Nadu,173368
2445,2021-12-02,Tamil Nadu,184565
2446,2021-02-13,Tamil Nadu,195870
2447,2021-02-14,Tamil Nadu,196467
2448,2021-02-15,Tamil Nadu,205097
2449,2021-02-16,Tamil Nadu,215964
2450,2021-02-17,Tamil Nadu,227737
2451,2021-02-18,Tamil Nadu,234412
2452,2021-02-19,Tamil Nadu,256388
2453,2021-02-20,Tamil Nadu,269873
2454,2021-02-21,Tamil Nadu,270487
2455,2021-02-22,Tamil Nadu,280847
2456,2021-02-23,Tamil Nadu,291582
2457,2021-02-24,Tamil Nadu,300604
2458,2021-02-25,Tamil Nadu,308895
2459,2021-02-26,Tamil Nadu,319966
2460,2021-02-27,Tamil Nadu,319966
2461,2021-02-28,Tamil Nadu,319966
2462,2021-01-03,Tamil Nadu,319966
2463,2021-02-03,Tamil Nadu,357600
2464,2021-03-03,Tamil Nadu,400506
2465,2021-04-03,Tamil Nadu,455609
2466,2021-05-03,Tamil Nadu,532154
2467,2021-06-03,Tamil Nadu,619615
2468,2021-07-03,Tamil Nadu,646341
2469,2021-08-03,Tamil Nadu,732192
2470,2021-09-03,Tamil Nadu,817411
2471,2021-10-03,Tamil Nadu,914229
2472,2021-11-03,Tamil Nadu,1005963
2473,2021-12-03,Tamil Nadu,1105264
2474,2021-03-13,Tamil Nadu,1204223
2475,2021-03-14,Tamil Nadu,1227791
2476,2021-03-15,Tamil Nadu,1332592
2477,2021-03-16,Tamil Nadu,1449082
2478,2021-03-17,Tamil Nadu,1573008
2479,2021-03-18,Tamil Nadu,1694060
2480,2021-03-19,Tamil Nadu,1806561
2481,2021-03-20,Tamil Nadu,1932072
2482,2021-03-21,Tamil Nadu,1979012
2483,2021-03-22,Tamil Nadu,2075485
2484,2021-03-23,Tamil Nadu,2207391
2485,2021-03-24,Tamil Nadu,2307030
2486,2021-03-25,Tamil Nadu,2412463
2487,2021-03-26,Tamil Nadu,2518316
2488,2021-03-27,Tamil Nadu,2621646
2489,2021-03-28,Tamil Nadu,2642611
2490,2021-03-29,Tamil Nadu,2737818
2491,2021-03-30,Tamil Nadu,2816798
2492,2021-03-31,Tamil Nadu,2891854
2493,2021-01-04,Tamil Nadu,2954376
2494,2021-02-04,Tamil Nadu,3030513
2495,2021-03-04,Tamil Nadu,3083959
2496,2021-01-16,Telangana,317
2497,2021-01-17,Telangana,437
2498,2021-01-18,Telangana,2463
2499,2021-01-19,Telangana,11169
2500,2021-01-20,Telangana,11291
2501,2021-01-21,Telangana,17837
2502,2021-01-22,Telangana,24830
2503,2021-01-23,Telangana,26183
2504,2021-01-24,Telangana,27829
2505,2021-01-25,Telangana,50646
2506,2021-01-26,Telangana,51194
2507,2021-01-27,Telangana,58306
2508,2021-01-28,Telangana,78713
2509,2021-01-29,Telangana,92418
2510,2021-01-30,Telangana,95000
2511,2021-01-31,Telangana,95057
2512,2021-01-02,Telangana,95234
2513,2021-02-02,Telangana,96413
2514,2021-03-02,Telangana,103183
2515,2021-04-02,Telangana,114647
2516,2021-05-02,Telangana,121588
2517,2021-06-02,Telangana,135977
2518,2021-07-02,Telangana,136225
2519,2021-08-02,Telangana,156285
2520,2021-09-02,Telangana,171308
2521,2021-10-02,Telangana,186195
2522,2021-11-02,Telangana,198677
2523,2021-12-02,Telangana,206864
2524,2021-02-13,Telangana,211719
2525,2021-02-14,Telangana,212538
2526,2021-02-15,Telangana,231322
2527,2021-02-16,Telangana,290997
2528,2021-02-17,Telangana,291913
2529,2021-02-18,Telangana,325420
2530,2021-02-19,Telangana,355287
2531,2021-02-20,Telangana,357179
2532,2021-02-21,Telangana,357467
2533,2021-02-22,Telangana,376262
2534,2021-02-23,Telangana,377711
2535,2021-02-24,Telangana,379363
2536,2021-02-25,Telangana,400394
2537,2021-02-26,Telangana,419089
2538,2021-02-27,Telangana,419089
2539,2021-02-28,Telangana,419089
2540,2021-01-03,Telangana,419089
2541,2021-02-03,Telangana,426555
2542,2021-03-03,Telangana,438614
2543,2021-04-03,Telangana,462808
2544,2021-05-03,Telangana,488204
2545,2021-06-03,Telangana,520798
2546,2021-07-03,Telangana,522369
2547,2021-08-03,Telangana,561227
2548,2021-09-03,Telangana,592546
2549,2021-10-03,Telangana,618580
2550,2021-11-03,Telangana,622208
2551,2021-12-03,Telangana,653908
2552,2021-03-13,Telangana,671203
2553,2021-03-14,Telangana,672971
2554,2021-03-15,Telangana,704366
2555,2021-03-16,Telangana,726349
2556,2021-03-17,Telangana,746797
2557,2021-03-18,Telangana,772471
2558,2021-03-19,Telangana,794400
2559,2021-03-20,Telangana,819182
2560,2021-03-21,Telangana,822327
2561,2021-03-22,Telangana,852767
2562,2021-03-23,Telangana,884919
2563,2021-03-24,Telangana,914205
2564,2021-03-25,Telangana,949096
2565,2021-03-26,Telangana,985654
2566,2021-03-27,Telangana,1015317
2567,2021-03-28,Telangana,1016666
2568,2021-03-29,Telangana,1026372
2569,2021-03-30,Telangana,1064572
2570,2021-03-31,Telangana,1093999
2571,2021-01-04,Telangana,1137887
2572,2021-02-04,Telangana,1189488
2573,2021-03-04,Telangana,1231278
2574,2021-01-16,Tripura,107
2575,2021-01-17,Tripura,107
2576,2021-01-18,Tripura,230
2577,2021-01-19,Tripura,681
2578,2021-01-20,Tripura,687
2579,2021-01-21,Tripura,1812
2580,2021-01-22,Tripura,3321
2581,2021-01-23,Tripura,3349
2582,2021-01-24,Tripura,3774
2583,2021-01-25,Tripura,9693
2584,2021-01-26,Tripura,9946
2585,2021-01-27,Tripura,12366
2586,2021-01-28,Tripura,16668
2587,2021-01-29,Tripura,19513
2588,2021-01-30,Tripura,21342
2589,2021-01-31,Tripura,21367
2590,2021-01-02,Tripura,22996
2591,2021-02-02,Tripura,24202
2592,2021-03-02,Tripura,24413
2593,2021-04-02,Tripura,27081
2594,2021-05-02,Tripura,29402
2595,2021-06-02,Tripura,32235
2596,2021-07-02,Tripura,32289
2597,2021-08-02,Tripura,37310
2598,2021-09-02,Tripura,42999
2599,2021-10-02,Tripura,45158
2600,2021-11-02,Tripura,51453
2601,2021-12-02,Tripura,57389
2602,2021-02-13,Tripura,61844
2603,2021-02-14,Tripura,61859
2604,2021-02-15,Tripura,68497
2605,2021-02-16,Tripura,68681
2606,2021-02-17,Tripura,72074
2607,2021-02-18,Tripura,79660
2608,2021-02-19,Tripura,90564
2609,2021-02-20,Tripura,92289
2610,2021-02-21,Tripura,92291
2611,2021-02-22,Tripura,97257
2612,2021-02-23,Tripura,100084
2613,2021-02-24,Tripura,100676
2614,2021-02-25,Tripura,105468
2615,2021-02-26,Tripura,109091
2616,2021-02-27,Tripura,109091
2617,2021-02-28,Tripura,109091
2618,2021-01-03,Tripura,109091
2619,2021-02-03,Tripura,116435
2620,2021-03-03,Tripura,119114
2621,2021-04-03,Tripura,125744
2622,2021-05-03,Tripura,132807
2623,2021-06-03,Tripura,135652
2624,2021-07-03,Tripura,135657
2625,2021-08-03,Tripura,146407
2626,2021-09-03,Tripura,156431
2627,2021-10-03,Tripura,158703
2628,2021-11-03,Tripura,160736
2629,2021-12-03,Tripura,175204
2630,2021-03-13,Tripura,180199
2631,2021-03-14,Tripura,180521
2632,2021-03-15,Tripura,202631
2633,2021-03-16,Tripura,220979
2634,2021-03-17,Tripura,230400
2635,2021-03-18,Tripura,259434
2636,2021-03-19,Tripura,289737
2637,2021-03-20,Tripura,315691
2638,2021-03-21,Tripura,325926
2639,2021-03-22,Tripura,358228
2640,2021-03-23,Tripura,410396
2641,2021-03-24,Tripura,470340
2642,2021-03-25,Tripura,534738
2643,2021-03-26,Tripura,602325
2644,2021-03-27,Tripura,627708
2645,2021-03-28,Tripura,635503
2646,2021-03-29,Tripura,637088
2647,2021-03-30,Tripura,663928
2648,2021-03-31,Tripura,676905
2649,2021-01-04,Tripura,694309
2650,2021-02-04,Tripura,706223
2651,2021-03-04,Tripura,718281
2652,2021-01-16,Uttar Pradesh,2212
2653,2021-01-17,Uttar Pradesh,2224
2654,2021-01-18,Uttar Pradesh,1532
2655,2021-01-19,Uttar Pradesh,1568
2656,2021-01-20,Uttar Pradesh,1568
2657,2021-01-21,Uttar Pradesh,1578
2658,2021-01-22,Uttar Pradesh,21325
2659,2021-01-23,Uttar Pradesh,30644
2660,2021-01-24,Uttar Pradesh,43669
2661,2021-01-25,Uttar Pradesh,59780
2662,2021-01-26,Uttar Pradesh,62477
2663,2021-01-27,Uttar Pradesh,95724
2664,2021-01-28,Uttar Pradesh,268081
2665,2021-01-29,Uttar Pradesh,429946
2666,2021-01-30,Uttar Pradesh,433040
2667,2021-01-31,Uttar Pradesh,434185
2668,2021-01-02,Uttar Pradesh,434549
2669,2021-02-02,Uttar Pradesh,435502
2670,2021-03-02,Uttar Pradesh,435645
2671,2021-04-02,Uttar Pradesh,555622
2672,2021-05-02,Uttar Pradesh,636917
2673,2021-06-02,Uttar Pradesh,638107
2674,2021-07-02,Uttar Pradesh,638805
2675,2021-08-02,Uttar Pradesh,640144
2676,2021-09-02,Uttar Pradesh,640845
2677,2021-10-02,Uttar Pradesh,643010
2678,2021-11-02,Uttar Pradesh,746208
2679,2021-12-02,Uttar Pradesh,863157
2680,2021-02-13,Uttar Pradesh,864381
2681,2021-02-14,Uttar Pradesh,864489
2682,2021-02-15,Uttar Pradesh,975211
2683,2021-02-16,Uttar Pradesh,975907
2684,2021-02-17,Uttar Pradesh,976088
2685,2021-02-18,Uttar Pradesh,1054867
2686,2021-02-19,Uttar Pradesh,1234270
2687,2021-02-20,Uttar Pradesh,1236861
2688,2021-02-21,Uttar Pradesh,1237359
2689,2021-02-22,Uttar Pradesh,1339406
2690,2021-02-23,Uttar Pradesh,1342030
2691,2021-02-24,Uttar Pradesh,1342318
2692,2021-02-25,Uttar Pradesh,1521544
2693,2021-02-26,Uttar Pradesh,1668629
2694,2021-02-27,Uttar Pradesh,1668629
2695,2021-02-28,Uttar Pradesh,1668631
2696,2021-01-03,Uttar Pradesh,1668631
2697,2021-02-03,Uttar Pradesh,1681659
2698,2021-03-03,Uttar Pradesh,1682667
2699,2021-04-03,Uttar Pradesh,1824296
2700,2021-05-03,Uttar Pradesh,1988090
2701,2021-06-03,Uttar Pradesh,2014991
2702,2021-07-03,Uttar Pradesh,2019181
2703,2021-08-03,Uttar Pradesh,2216711
2704,2021-09-03,Uttar Pradesh,2249960
2705,2021-10-03,Uttar Pradesh,2276574
2706,2021-11-03,Uttar Pradesh,2282223
2707,2021-12-03,Uttar Pradesh,2606762
2708,2021-03-13,Uttar Pradesh,2651620
2709,2021-03-14,Uttar Pradesh,2668063
2710,2021-03-15,Uttar Pradesh,2988841
2711,2021-03-16,Uttar Pradesh,3201161
2712,2021-03-17,Uttar Pradesh,3308090
2713,2021-03-18,Uttar Pradesh,3733558
2714,2021-03-19,Uttar Pradesh,4050385
2715,2021-03-20,Uttar Pradesh,4198563
2716,2021-03-21,Uttar Pradesh,4222333
2717,2021-03-22,Uttar Pradesh,4547803
2718,2021-03-23,Uttar Pradesh,4748492
2719,2021-03-24,Uttar Pradesh,4852942
2720,2021-03-25,Uttar Pradesh,5117629
2721,2021-03-26,Uttar Pradesh,5329229
2722,2021-03-27,Uttar Pradesh,5405643
2723,2021-03-28,Uttar Pradesh,5409103
2724,2021-03-29,Uttar Pradesh,5409120
2725,2021-03-30,Uttar Pradesh,5435678
2726,2021-03-31,Uttar Pradesh,5497184
2727,2021-01-04,Uttar Pradesh,5711292
2728,2021-02-04,Uttar Pradesh,6043860
2729,2021-03-04,Uttar Pradesh,6267728
2730,2021-01-16,Uttarakhand,511
2731,2021-01-17,Uttarakhand,556
2732,2021-01-18,Uttarakhand,517
2733,2021-01-19,Uttarakhand,1141
2734,2021-01-20,Uttarakhand,1141
2735,2021-01-21,Uttarakhand,1874
2736,2021-01-22,Uttarakhand,3163
2737,2021-01-23,Uttarakhand,3238
2738,2021-01-24,Uttarakhand,3592
2739,2021-01-25,Uttarakhand,7969
2740,2021-01-26,Uttarakhand,8052
2741,2021-01-27,Uttarakhand,9374
2742,2021-01-28,Uttarakhand,14440
2743,2021-01-29,Uttarakhand,20864
2744,2021-01-30,Uttarakhand,23922
2745,2021-01-31,Uttarakhand,26517
2746,2021-01-02,Uttarakhand,32705
2747,2021-02-02,Uttarakhand,39523
2748,2021-03-02,Uttarakhand,50614
2749,2021-04-02,Uttarakhand,59962
2750,2021-05-02,Uttarakhand,66129
2751,2021-06-02,Uttarakhand,70338
2752,2021-07-02,Uttarakhand,71384
2753,2021-08-02,Uttarakhand,76758
2754,2021-09-02,Uttarakhand,83729
2755,2021-10-02,Uttarakhand,89655
2756,2021-11-02,Uttarakhand,97287
2757,2021-12-02,Uttarakhand,104337
2758,2021-02-13,Uttarakhand,110369
2759,2021-02-14,Uttarakhand,111986
2760,2021-02-15,Uttarakhand,119761
2761,2021-02-16,Uttarakhand,126204
2762,2021-02-17,Uttarakhand,131225
2763,2021-02-18,Uttarakhand,135708
2764,2021-02-19,Uttarakhand,143945
2765,2021-02-20,Uttarakhand,146541
2766,2021-02-21,Uttarakhand,146976
2767,2021-02-22,Uttarakhand,151842
2768,2021-02-23,Uttarakhand,155814
2769,2021-02-24,Uttarakhand,157621
2770,2021-02-25,Uttarakhand,161766
2771,2021-02-26,Uttarakhand,168602
2772,2021-02-27,Uttarakhand,168602
2773,2021-02-28,Uttarakhand,168604
2774,2021-01-03,Uttarakhand,168604
2775,2021-02-03,Uttarakhand,183073
2776,2021-03-03,Uttarakhand,194732
2777,2021-04-03,Uttarakhand,214010
2778,2021-05-03,Uttarakhand,231192
2779,2021-06-03,Uttarakhand,246725
2780,2021-07-03,Uttarakhand,247447
2781,2021-08-03,Uttarakhand,265744
2782,2021-09-03,Uttarakhand,284980
2783,2021-10-03,Uttarakhand,297920
2784,2021-11-03,Uttarakhand,300286
2785,2021-12-03,Uttarakhand,326575
2786,2021-03-13,Uttarakhand,342819
2787,2021-03-14,Uttarakhand,344881
2788,2021-03-15,Uttarakhand,371437
2789,2021-03-16,Uttarakhand,398942
2790,2021-03-17,Uttarakhand,417229
2791,2021-03-18,Uttarakhand,445867
2792,2021-03-19,Uttarakhand,473615
2793,2021-03-20,Uttarakhand,490078
2794,2021-03-21,Uttarakhand,493179
2795,2021-03-22,Uttarakhand,518821
2796,2021-03-23,Uttarakhand,544393
2797,2021-03-24,Uttarakhand,561615
2798,2021-03-25,Uttarakhand,586560
2799,2021-03-26,Uttarakhand,610300
2800,2021-03-27,Uttarakhand,622745
2801,2021-03-28,Uttarakhand,623035
2802,2021-03-29,Uttarakhand,623036
2803,2021-03-30,Uttarakhand,637654
2804,2021-03-31,Uttarakhand,654624
2805,2021-01-04,Uttarakhand,688079
2806,2021-02-04,Uttarakhand,729595
2807,2021-03-04,Uttarakhand,767226
2808,2021-01-16,West Bengal,1917
2809,2021-01-17,West Bengal,2085
2810,2021-01-18,West Bengal,5060
2811,2021-01-19,West Bengal,12364
2812,2021-01-20,West Bengal,14624
2813,2021-01-21,West Bengal,20206
2814,2021-01-22,West Bengal,41970
2815,2021-01-23,West Bengal,43180
2816,2021-01-24,West Bengal,46143
2817,2021-01-25,West Bengal,87815
2818,2021-01-26,West Bengal,88627
2819,2021-01-27,West Bengal,130937
2820,2021-01-28,West Bengal,161415
2821,2021-01-29,West Bengal,191566
2822,2021-01-30,West Bengal,214018
2823,2021-01-31,West Bengal,214256
2824,2021-01-02,West Bengal,238178
2825,2021-02-02,West Bengal,259341
2826,2021-03-02,West Bengal,271828
2827,2021-04-02,West Bengal,290908
2828,2021-05-02,West Bengal,314065
2829,2021-06-02,West Bengal,323825
2830,2021-07-02,West Bengal,323859
2831,2021-08-02,West Bengal,346113
2832,2021-09-02,West Bengal,372621
2833,2021-10-02,West Bengal,396442
2834,2021-11-02,West Bengal,421678
2835,2021-12-02,West Bengal,451987
2836,2021-02-13,West Bengal,481827
2837,2021-02-14,West Bengal,485365
2838,2021-02-15,West Bengal,525918
2839,2021-02-16,West Bengal,528075
2840,2021-02-17,West Bengal,551037
2841,2021-02-18,West Bengal,563290
2842,2021-02-19,West Bengal,632088
2843,2021-02-20,West Bengal,664855
2844,2021-02-21,West Bengal,669761
2845,2021-02-22,West Bengal,726880
2846,2021-02-23,West Bengal,788276
2847,2021-02-24,West Bengal,873017
2848,2021-02-25,West Bengal,978851
2849,2021-02-26,West Bengal,1092729
2850,2021-02-27,West Bengal,1092729
2851,2021-02-28,West Bengal,1092729
2852,2021-01-03,West Bengal,1092729
2853,2021-02-03,West Bengal,1170037
2854,2021-03-03,West Bengal,1261351
2855,2021-04-03,West Bengal,1352180
2856,2021-05-03,West Bengal,1448516
2857,2021-06-03,West Bengal,1537566
2858,2021-07-03,West Bengal,1547453
2859,2021-08-03,West Bengal,1684182
2860,2021-09-03,West Bengal,1838107
2861,2021-10-03,West Bengal,1973742
2862,2021-11-03,West Bengal,2045298
2863,2021-12-03,West Bengal,2228235
2864,2021-03-13,West Bengal,2350319
2865,2021-03-14,West Bengal,2364048
2866,2021-03-15,West Bengal,2600427
2867,2021-03-16,West Bengal,2800616
2868,2021-03-17,West Bengal,2933894
2869,2021-03-18,West Bengal,3062022
2870,2021-03-19,West Bengal,3340927
2871,2021-03-20,West Bengal,3523151
2872,2021-03-21,West Bengal,3553637
2873,2021-03-22,West Bengal,3773786
2874,2021-03-23,West Bengal,4009310
2875,2021-03-24,West Bengal,4141274
2876,2021-03-25,West Bengal,4274300
2877,2021-03-26,West Bengal,4565559
2878,2021-03-27,West Bengal,4755358
2879,2021-03-28,West Bengal,4760551
2880,2021-03-29,West Bengal,4782446
2881,2021-03-30,West Bengal,4978607
2882,2021-03-31,West Bengal,5114649
2883,2021-01-04,West Bengal,5259931
2884,2021-02-04,West Bengal,5416108
2885,2021-03-04,West Bengal,5571559
